Job ID,Job URL,Job Title,Status,Timestamp
568eca4eaa47565b,https://www.myjobmag.co.ke/job/48257/head-of-africa-commercial-amp-marketing-ca-global,"Head of Africa, Commercial & Marketing",posted|wp_id=42484|https://kenya.mimusjobs.com/job/head-of-africa-commercial-marketing/,2026-09-16T12:06:05.228166
8870d72f883425c5,https://www.myjobmag.co.ke/job/48253/operations-officer-caritas-mfb,Operations Officer,posted|wp_id=35443|https://kenya.mimusjobs.com/job/operations-officer/,2026-09-16T12:06:12.031989
8e739ee4f5cdbd53,https://www.myjobmag.co.ke/job/48254/business-development-officer-caritas-mfb,Business Development Officer,posted|wp_id=24928|https://kenya.mimusjobs.com/job/business-development-officer/,2026-09-16T12:06:17.089928
83bdc6734a3dc1c8,https://www.myjobmag.co.ke/job/48255/risk-amp-compliance-officer-caritas-mfb,Risk & Compliance Officer,posted|wp_id=17875|https://kenya.mimusjobs.com/job/risk-compliance-officer/,2026-09-16T12:06:21.533646
1d92d23fa4c809de,https://www.myjobmag.co.ke/job/48256/ict-officer-caritas-mfb,ICT Officer,posted|wp_id=30997|https://kenya.mimusjobs.com/job/ict-officer/,2026-09-16T12:06:25.503680
60aff9802a9dc744,https://www.myjobmag.co.ke/job/48244/dentist-maua-methodist-hospital,Dentist,posted|wp_id=38977|https://kenya.mimusjobs.com/job/dentist/,2026-09-16T12:06:32.012335
b3921f0ef5669dfd,https://www.myjobmag.co.ke/job/48245/radiographer-maua-methodist-hospital,Radiographer,posted|wp_id=22351|https://kenya.mimusjobs.com/job/radiographer/,2026-09-16T12:06:35.738397
fa1944428fcccce3,https://www.myjobmag.co.ke/job/48246/sonographer-maua-methodist-hospital,Sonographer,posted|wp_id=33935|https://kenya.mimusjobs.com/job/sonographer/,2026-09-16T12:06:39.791379
1f7b9823dff267f0,https://www.myjobmag.co.ke/job/48247/community-oral-health-officer-maua-methodist-hospital,Community Oral Health Officer,posted|wp_id=24970|https://kenya.mimusjobs.com/job/community-oral-health-officer/,2026-09-16T12:06:44.164893
beee7e3394c2356c,https://www.myjobmag.co.ke/job/48248/pharmacy-technologist-maua-methodist-hospital,Pharmacy Technologist,posted|wp_id=23349|https://kenya.mimusjobs.com/job/pharmacy-technologist/,2026-09-16T12:06:48.453856
2ffb71cad14c82d6,https://www.myjobmag.co.ke/job/48249/it-assistant-maua-methodist-hospital,IT Assistant,posted|wp_id=13669|https://kenya.mimusjobs.com/job/it-assistant/,2026-09-16T12:06:53.070722
9462250c75591bc9,https://www.myjobmag.co.ke/job/48250/clinical-officer-maua-methodist-hospital,Clinical Officer,posted|wp_id=24387|https://kenya.mimusjobs.com/job/clinical-officer/,2026-09-16T12:06:57.292208
eeb251379257b3f6,https://www.myjobmag.co.ke/job/48251/data-entry-clerk-maua-methodist-hospital,Data Entry Clerk,posted|wp_id=42489|https://kenya.mimusjobs.com/job/data-entry-clerk/,2026-09-16T12:07:06.637817
3aa40f62c5d26ab2,https://www.myjobmag.co.ke/job/48252/painter-maua-methodist-hospital,Painter,posted|wp_id=42491|https://kenya.mimusjobs.com/job/painter/,2026-09-16T12:07:15.989791
8115d96c24317d0d,https://www.myjobmag.co.ke/job/48242/financial-accountant-tuskys,Financial Accountant,posted|wp_id=37490|https://kenya.mimusjobs.com/job/financial-accountant/,2026-09-16T12:07:23.671346
b7ef283c08dbcf7c,https://www.myjobmag.co.ke/job/48240/nutrition-project-manager-international-medical-corps,Nutrition Project Manager,posted|wp_id=42497|https://kenya.mimusjobs.com/job/nutrition-project-manager/,2026-09-16T12:07:33.958277
bf553eb7e37b4ebd,https://www.myjobmag.co.ke/job/48238/risk-amp-compliance-manager-kenya-red-cross-society,Risk & Compliance Manager,posted|wp_id=26683|https://kenya.mimusjobs.com/job/risk-compliance-manager/,2026-09-16T12:07:39.790931
078eb235e69db96f,https://www.myjobmag.co.ke/job/48239/internal-audit-assistant-kenya-red-cross-society,Internal Audit Assistant,posted|wp_id=23984|https://kenya.mimusjobs.com/job/internal-audit-assistant/,2026-09-16T12:07:43.433490
07a99270488095dd,https://www.myjobmag.co.ke/job/48237/sales-manager-sub-saharan-billerudkorsna-curren-s,Sales Manager - Sub Saharan,posted|wp_id=42501|https://kenya.mimusjobs.com/job/sales-manager-sub-saharan/,2026-09-16T12:07:53.129430
8d48013c7819a642,https://www.myjobmag.co.ke/job/48236/territory-sales-manager-kenya-oracle,Territory Sales Manager - Kenya,posted|wp_id=42503|https://kenya.mimusjobs.com/job/territory-sales-manager-kenya/,2026-09-16T12:08:01.821391
4fab78cf8cd87804,https://www.myjobmag.co.ke/job/48235/interns-guinness,Interns,posted|wp_id=31352|https://kenya.mimusjobs.com/job/interns/,2026-09-16T12:08:08.366263
2a020f1ffbe4bd99,https://www.myjobmag.co.ke/job/48234/corporate-affairs-director-bridge-international,Corporate Affairs Director,posted|wp_id=42507|https://kenya.mimusjobs.com/job/corporate-affairs-director/,2026-09-16T12:08:16.959391
7007329d0ebf69e0,https://www.myjobmag.co.ke/job/48233/senior-manager-risk-and-controls-cib-amp-cb-operations-standard-chartered-bank-kenya,"Senior Manager -Risk and Controls, CIB & CB Operations",posted|wp_id=42509|https://kenya.mimusjobs.com/job/senior-manager-risk-and-controls-cib-cb-operations/,2026-09-16T12:08:26.076311
c384e540c53022ae,https://www.myjobmag.co.ke/job/48232/customer-experience-executive-safaricom-kenya,Customer Experience Executive,posted|wp_id=42511|https://kenya.mimusjobs.com/job/customer-experience-executive/,2026-09-16T12:08:34.058276
30ae5879be4d5bc9,https://www.myjobmag.co.ke/job/48231/centre-manager-flexi-personnel,Centre Manager,posted|wp_id=31625|https://kenya.mimusjobs.com/job/centre-manager/,2026-09-16T12:08:39.622360
8f1adc0ca6a85206,https://www.myjobmag.co.ke/job/48230/assistant-systems-auditor-kenex,Assistant Systems Auditor,posted|wp_id=42515|https://kenya.mimusjobs.com/job/assistant-systems-auditor/,2026-09-16T12:08:49.640861
89c8b01188eedad1,https://www.myjobmag.co.ke/job/48302/social-media-specialist-wisen-hr-services,Social Media Specialist,posted|wp_id=42517|https://kenya.mimusjobs.com/job/social-media-specialist/,2026-09-16T12:08:58.393901
ad8593630ad9f784,https://www.myjobmag.co.ke/job/48301/business-development-and-marketing-manager-summit-recruitment-and-search,Business Development and Marketing Manager,posted|wp_id=42521|https://kenya.mimusjobs.com/job/business-development-and-marketing-manager/,2026-09-16T12:09:10.095856
e1677fe3c149a2cb,https://www.myjobmag.co.ke/job/48300/accountant-summit-recruitment-and-search,Accountant,posted|wp_id=7107|https://kenya.mimusjobs.com/job/accountant/,2026-09-16T12:09:15.154116
45ac101c4fdea7dc,https://www.myjobmag.co.ke/job/48299/tailor-axil-creation,Tailor,posted|wp_id=7273|https://kenya.mimusjobs.com/job/tailor/,2026-09-16T12:09:21.543176
d5158027b9de6612,https://www.myjobmag.co.ke/job/48298/sales-amp-marketing-executive,Sales & Marketing Executive,posted|wp_id=30731|https://kenya.mimusjobs.com/job/sales-marketing-executive/,2026-09-16T12:09:26.481206
2188a9fcdfe0643d,https://www.myjobmag.co.ke/job/48297/marketing-development-executive,Marketing Development Executive.,posted|wp_id=42524|https://kenya.mimusjobs.com/job/marketing-development-executive/,2026-09-16T12:09:32.662843
c3affe206ba518ae,https://www.myjobmag.co.ke/job/48296/automotive-pr-amp-marketing-officer,Automotive PR & Marketing Officer,posted|wp_id=42525|https://kenya.mimusjobs.com/job/automotive-pr-marketing-officer/,2026-09-16T12:09:39.456751
6b63553f4f0f7779,https://www.myjobmag.co.ke/job/48292/national-sales-manager-fenix-international,National Sales Manager,posted|wp_id=42385|https://kenya.mimusjobs.com/job/national-sales-manager/,2026-09-16T12:09:47.427480
358305c8a1569114,https://www.myjobmag.co.ke/job/48293/operations-manager-fenix-international,Operations Manager,posted|wp_id=24549|https://kenya.mimusjobs.com/job/operations-manager/,2026-09-16T12:09:51.519853
33f5cb86c5a03da5,https://www.myjobmag.co.ke/job/48294/customer-service-manager-fenix-international,Customer Service Manager,posted|wp_id=39272|https://kenya.mimusjobs.com/job/customer-service-manager/,2026-09-16T12:09:55.376931
06c330bffa1b1248,https://www.myjobmag.co.ke/job/48295/administration-associate-fenix-international,Administration Associate,posted|wp_id=42529|https://kenya.mimusjobs.com/job/administration-associate/,2026-09-16T12:10:02.189644
b3fae7fe6cf42293,https://www.myjobmag.co.ke/job/48289/registered-nurse-job-iii-kakamega-county,Registered Nurse Job III - 15 positions,posted|wp_id=42533|https://kenya.mimusjobs.com/job/registered-nurse-job-iii-15-positions/,2026-09-16T12:10:15.553290
1fee4dc77245f6ae,https://www.myjobmag.co.ke/job/48290/nursing-officer-intern-kakamega-county,NURSING OFFICER/INTERN - 50 positions,posted|wp_id=42535|https://kenya.mimusjobs.com/job/nursing-officer-intern-50-positions/,2026-09-16T12:10:22.124914
c495c4a782676d3a,https://www.myjobmag.co.ke/job/48291/nursing-officer-iii-kakamega-county,NURSING OFFICER III - 10 positions,posted|wp_id=42537|https://kenya.mimusjobs.com/job/nursing-officer-iii-10-positions/,2026-09-16T12:10:28.039415
fb5c51ec284617a4,https://www.myjobmag.co.ke/job/48288/business-development-manager-african-virtual-university,Business Development Manager,posted|wp_id=8688|https://kenya.mimusjobs.com/job/business-development-manager/,2026-09-16T12:10:35.811062
ae1c88fd1fa4ef82,https://www.myjobmag.co.ke/job/48287/area-sales-manager-kenafric-industries,Area Sales Manager,posted|wp_id=25132|https://kenya.mimusjobs.com/job/area-sales-manager/,2026-09-16T12:10:41.115260
8abfa97ac6ae4080,https://www.myjobmag.co.ke/job/48286/data-amp-database-assistant-duma-works,Data & Database Assistant,posted|wp_id=42544|https://kenya.mimusjobs.com/job/data-database-assistant/,2026-09-16T12:10:51.541189
b4be52d1fa6b62cd,https://www.myjobmag.co.ke/job/48285/ict-officer-the-international-centre-for-reproductive-health,ICT Officer,posted|wp_id=30997|https://kenya.mimusjobs.com/job/ict-officer/,2026-09-16T12:10:59.310369
ac634678bd271282,https://www.myjobmag.co.ke/job/48283/trade-development-representative-armada-human-capital,Trade Development Representative,posted|wp_id=30497|https://kenya.mimusjobs.com/job/trade-development-representative/,2026-09-16T12:11:06.839590
a90f467e9237940a,https://www.myjobmag.co.ke/job/48284/card-division-manager-armada-human-capital,Card Division Manager,posted|wp_id=42550|https://kenya.mimusjobs.com/job/card-division-manager/,2026-09-16T12:11:13.541906
2dff34b906650ff1,https://www.myjobmag.co.ke/job/48281/project-coordinator-r4kenya,Project Coordinator,posted|wp_id=12940|https://kenya.mimusjobs.com/job/project-coordinator/,2026-09-16T12:11:21.567474
49f20ba5e3d7b43b,https://www.myjobmag.co.ke/job/48282/sales-manager-r4kenya,Sales Manager,posted|wp_id=25144|https://kenya.mimusjobs.com/job/sales-manager/,2026-09-16T12:11:25.581980
d46bb2ad22306c54,https://www.myjobmag.co.ke/job/48280/senior-field-officers-kenya-water-services-trust-fund,Senior Field Officers,posted|wp_id=42556|https://kenya.mimusjobs.com/job/senior-field-officers/,2026-09-16T12:11:34.412924
6027c8498cb9627a,https://www.myjobmag.co.ke/job/48277/sound-producer-daima-media-services-limited,Sound Producer,posted|wp_id=42560|https://kenya.mimusjobs.com/job/sound-producer/,2026-09-16T12:11:43.953629
63394ef75a496965,https://www.myjobmag.co.ke/job/48278/photographer-daima-media-services-limited,Photographer,posted|wp_id=42562|https://kenya.mimusjobs.com/job/photographer/,2026-09-16T12:11:51.859069
a8b1c50ecc4ffa57,https://www.myjobmag.co.ke/job/48279/sales-executive-team-daima-media-services-limited,Sales Executive Team - 2 positions,posted|wp_id=42564|https://kenya.mimusjobs.com/job/sales-executive-team-2-positions/,2026-09-16T12:11:57.993400
9702f2773a043a59,https://www.myjobmag.co.ke/job/48273/operations-manager-signage-and-printing-company,Operations Manager,posted|wp_id=24549|https://kenya.mimusjobs.com/job/operations-manager/,2026-09-16T12:12:06.854045
88537d47cf1ea0c3,https://www.myjobmag.co.ke/job/48274/sales-executive-signage-and-printing-company,Sales Executive,posted|wp_id=10367|https://kenya.mimusjobs.com/job/sales-executive/,2026-09-16T12:12:10.702729
445f3e0a63f01bd1,https://www.myjobmag.co.ke/job/48275/security-officer-signage-and-printing-company,Security Officer,posted|wp_id=11233|https://kenya.mimusjobs.com/job/security-officer/,2026-09-16T12:12:14.766240
d8d3feba2d7a6248,https://www.myjobmag.co.ke/job/48276/human-resource-amp-admin-assistant-signage-and-printing-company,Human Resource & Admin Assistant,posted|wp_id=42568|https://kenya.mimusjobs.com/job/human-resource-admin-assistant/,2026-09-16T12:12:21.551854
e85bf3d0b5052065,https://www.myjobmag.co.ke/job/48270/head-of-digital-bank-jamii-bora-bank,Head of Digital Bank,posted|wp_id=42572|https://kenya.mimusjobs.com/job/head-of-digital-bank/,2026-09-16T12:12:31.166716
7b1c659ae7b53ba8,https://www.myjobmag.co.ke/job/48271/head-of-operations-amp-it-jamii-bora-bank,Head of Operations & IT,posted|wp_id=42574|https://kenya.mimusjobs.com/job/head-of-operations-it/,2026-09-16T12:12:38.263045
26fdc98f925e8084,https://www.myjobmag.co.ke/job/48272/head-of-sales-amp-business-development-jamii-bora-bank,Head of Sales & Business Development,posted|wp_id=42576|https://kenya.mimusjobs.com/job/head-of-sales-business-development/,2026-09-16T12:12:44.298203
c64bdfca72475d77,https://www.myjobmag.co.ke/job/48268/chief-of-party-world-vision-kenya,Chief of Party,posted|wp_id=42578|https://kenya.mimusjobs.com/job/chief-of-party/,2026-09-16T12:12:52.839753
bada9eb82ea706bd,https://www.myjobmag.co.ke/job/48269/economic-strengthening-livelihoods-specialist-world-vision-kenya,,skipped_incomplete,2026-09-16T12:12:52.839942
e502acb31bd34940,https://www.myjobmag.co.ke/job/48266/financial-advisor-madison-asset-management-services-limited-madison-asset,Financial Advisor,posted|wp_id=37875|https://kenya.mimusjobs.com/job/financial-advisor/,2026-09-16T12:12:59.836703
2c9c67c15fdd33c2,https://www.myjobmag.co.ke/job/48265/credit-controller-business-partner-consultants-limited-bpc,Credit Controller,posted|wp_id=39142|https://kenya.mimusjobs.com/job/credit-controller/,2026-09-16T12:13:08.112619
6a4b2c21536db0fe,https://www.myjobmag.co.ke/job/48263/graphic-designer-emomentum-interactive-systems,Graphic Designer,posted|wp_id=14285|https://kenya.mimusjobs.com/job/graphic-designer/,2026-09-16T12:13:15.521017
d58f2d1797c2f234,https://www.myjobmag.co.ke/job/48264/account-manager-emomentum-interactive-systems,Account Manager,posted|wp_id=10232|https://kenya.mimusjobs.com/job/account-manager/,2026-09-16T12:13:19.342496
18cde658271dc3b5,https://www.myjobmag.co.ke/job/48262/customer-delivery-manager-nokia,Customer Delivery Manager,posted|wp_id=41596|https://kenya.mimusjobs.com/job/customer-delivery-manager/,2026-09-16T12:13:24.622195
baf9cc4a53ee5606,https://www.myjobmag.co.ke/job/48258/security-project-manager-torres-advanced-enterprise-solutions-torres,Security Project Manager,posted|wp_id=42588|https://kenya.mimusjobs.com/job/security-project-manager/,2026-09-16T12:13:33.511168
6a7db861b19f49ae,https://www.myjobmag.co.ke/job/48259/guard-force-commander-gfc-torres-advanced-enterprise-solutions-torres,Guard Force Commander (GFC),posted|wp_id=42590|https://kenya.mimusjobs.com/job/guard-force-commander-gfc/,2026-09-16T12:13:40.349670
dffa40417664e162,https://www.myjobmag.co.ke/job/48260/deputy-guard-force-commander-dgfc-torres-advanced-enterprise-solutions-torres,Deputy Guard Force Commander (DGFC),posted|wp_id=42592|https://kenya.mimusjobs.com/job/deputy-guard-force-commander-dgfc/,2026-09-16T12:13:45.973073
1b2aeca0399fda02,https://www.myjobmag.co.ke/job/48261/trainer-torres-advanced-enterprise-solutions-torres,Trainer,posted|wp_id=42594|https://kenya.mimusjobs.com/job/trainer/,2026-09-16T12:13:52.457796
8975f8696ccca23d,https://www.myjobmag.co.ke/job/48345/gender-program-officer-shining-hope-for-communities,Gender Program Officer,posted|wp_id=42596|https://kenya.mimusjobs.com/job/gender-program-officer/,2026-09-16T12:14:03.645074
eb12fb7cb63d9a6e,https://www.myjobmag.co.ke/job/48344/ict-project-manager-international-livestock-research-institute-ilri,ICT Project Manager,posted|wp_id=42598|https://kenya.mimusjobs.com/job/ict-project-manager/,2026-09-16T12:14:12.158131
d4e4cf2e2e27998d,https://www.myjobmag.co.ke/job/48343/asset-custodian-stanbic-bank,Asset Custodian,posted|wp_id=42602|https://kenya.mimusjobs.com/job/asset-custodian/,2026-09-16T12:14:21.320915
5f10383a3ba81d3c,https://www.myjobmag.co.ke/job/48342/personal-banking-recoveries-manager-commercial-bank-of-africa-ltd-cba,Personal Banking Recoveries Manager,posted|wp_id=42606|https://kenya.mimusjobs.com/job/personal-banking-recoveries-manager/,2026-09-16T12:14:30.021452
f3c1448f52e19513,https://www.myjobmag.co.ke/job/48337/tutorial-fellow-kenyatta-university,Tutorial Fellow,posted|wp_id=42609|https://kenya.mimusjobs.com/job/tutorial-fellow/,2026-09-16T12:14:39.312446
d7ef560fbfad160d,https://www.myjobmag.co.ke/job/48338/technologist-kenyatta-university,Technologist,posted|wp_id=31138|https://kenya.mimusjobs.com/job/technologist/,2026-09-16T12:14:43.353484
3cd9c5fde93d1be2,https://www.myjobmag.co.ke/job/48339/technologist-animal-health-kenyatta-university,Technologist - Animal Health,posted|wp_id=42611|https://kenya.mimusjobs.com/job/technologist-animal-health/,2026-09-16T12:14:49.499143
93f50d95e3198179,https://www.myjobmag.co.ke/job/48340/laboratory-technician-soil-and-plant-analysis-kenyatta-university,Laboratory Technician - Soil and Plant Analysis,posted|wp_id=42613|https://kenya.mimusjobs.com/job/laboratory-technician-soil-and-plant-analysis/,2026-09-16T12:14:57.083903
08d0c01b5270b84a,https://www.myjobmag.co.ke/job/48341/field-technician-soil-and-plant-analysis-kenyatta-university,Field Technician - Soil and Plant Analysis,posted|wp_id=42615|https://kenya.mimusjobs.com/job/field-technician-soil-and-plant-analysis/,2026-09-16T12:15:04.489416
a0d9dc4d398a8bfc,https://www.myjobmag.co.ke/job/48336/sales-riders-milyas,Sales Riders - 5 positions,posted|wp_id=42619|https://kenya.mimusjobs.com/job/sales-riders-5-positions/,2026-09-16T12:15:14.759737
ffdecf908c1b15d7,https://www.myjobmag.co.ke/job/48335/dairy-line-officer-pwani-feeds,Dairy Line Officer,posted|wp_id=42623|https://kenya.mimusjobs.com/job/dairy-line-officer/,2026-09-16T12:15:25.766784
14c1958c32755601,https://www.myjobmag.co.ke/job/48334/research-assistant-kenya-aids-ngos-consortium-kanco,Research Assistant - 12 positions,posted|wp_id=42627|https://kenya.mimusjobs.com/job/research-assistant-12-positions/,2026-09-16T12:15:34.663176
e8e20062abd215e9,https://www.myjobmag.co.ke/job/48330/claims-executive-kenya-orient-insurance-limited,Claims Executive,posted|wp_id=42629|https://kenya.mimusjobs.com/job/claims-executive/,2026-09-16T12:15:42.836783
b94619ddff2f1ea5,https://www.myjobmag.co.ke/job/48331/branch-manager-kenya-orient-insurance-limited,Branch Manager,posted|wp_id=25352|https://kenya.mimusjobs.com/job/branch-manager/,2026-09-16T12:15:46.586602
92a64d79f9dd6e94,https://www.myjobmag.co.ke/job/48332/audit-executive-kenya-orient-insurance-limited,Audit Executive,posted|wp_id=42631|https://kenya.mimusjobs.com/job/audit-executive/,2026-09-16T12:15:53.724827
8804d46deee9b862,https://www.myjobmag.co.ke/job/48333/assistant-manager-risk-and-compliance-kenya-orient-insurance-limited,Assistant Manager (Risk and Compliance),posted|wp_id=42633|https://kenya.mimusjobs.com/job/assistant-manager-risk-and-compliance/,2026-09-16T12:15:59.712764
7063d4b5130ea270,https://www.myjobmag.co.ke/job/48326/supplier-amp-catalogue-specialist-guinness,Supplier & Catalogue Specialist,posted|wp_id=42635|https://kenya.mimusjobs.com/job/supplier-catalogue-specialist/,2026-09-16T12:16:08.809446
6464002e1f640572,https://www.myjobmag.co.ke/job/48327/tactical-buying-specialist-guinness,Tactical Buying Specialist,posted|wp_id=42637|https://kenya.mimusjobs.com/job/tactical-buying-specialist/,2026-09-16T12:16:15.692902
4093979c2afa82de,https://www.myjobmag.co.ke/job/48325/financial-accountant-world-vision-kenya,Financial Accountant,posted|wp_id=37490|https://kenya.mimusjobs.com/job/financial-accountant/,2026-09-16T12:16:21.904040
3bc262eace572518,https://www.myjobmag.co.ke/job/48324/e-learning-platform-and-content-developer-indepth-research-services-ires,E-Learning Platform and Content Developer,posted|wp_id=42641|https://kenya.mimusjobs.com/job/e-learning-platform-and-content-developer/,2026-09-16T12:16:32.264597
19093669a5635cb4,https://www.myjobmag.co.ke/job/48323/baker-uchumi,Baker,posted|wp_id=17722|https://kenya.mimusjobs.com/job/baker/,2026-09-16T12:16:39.380629
95283a5da6e73f03,https://www.myjobmag.co.ke/job/48322/operations-manager-r4kenya,Operations Manager,posted|wp_id=24549|https://kenya.mimusjobs.com/job/operations-manager/,2026-09-16T12:16:44.808463
768d03d4c4ccf97f,https://www.myjobmag.co.ke/job/48321/statistics-amp-data-management-indepth-research-services-ires,Statistics & Data Management,posted|wp_id=42645|https://kenya.mimusjobs.com/job/statistics-data-management/,2026-09-16T12:16:52.037201
20d58fa57594e0d9,https://www.myjobmag.co.ke/job/48320/sales-executive-upsilon-tech,Sales Executive,posted|wp_id=10367|https://kenya.mimusjobs.com/job/sales-executive/,2026-09-16T12:16:58.627505
75a496236eb1678b,https://www.myjobmag.co.ke/job/48319/sales-administrator,Sales Administrator,posted|wp_id=12533|https://kenya.mimusjobs.com/job/sales-administrator/,2026-09-16T12:17:04.522762
f0e3bf27b7ffa952,https://www.myjobmag.co.ke/job/48318/channel-business-developer-syspro,Channel Business Developer,posted|wp_id=42651|https://kenya.mimusjobs.com/job/channel-business-developer/,2026-09-16T12:17:16.160157
72c156e4a3b5c14b,https://www.myjobmag.co.ke/job/48317/yard-manager-janta-kenya,Yard Manager,posted|wp_id=42653|https://kenya.mimusjobs.com/job/yard-manager/,2026-09-16T12:17:25.481706
4922ddcd0de64cf7,https://www.myjobmag.co.ke/job/48316/technical-operator-janta-kenya,TECHNICAL OPERATOR,posted|wp_id=42655|https://kenya.mimusjobs.com/job/technical-operator/,2026-09-16T12:17:33.639079
65ff8b9d05b119f0,https://www.myjobmag.co.ke/job/48315/key-accounts-representative-jobsikaz,Key Accounts Representative,posted|wp_id=42659|https://kenya.mimusjobs.com/job/key-accounts-representative/,2026-09-16T12:17:46.403847
55c8afaca0c7061f,https://www.myjobmag.co.ke/job/48314/assistant-security-manager-unilever,Assistant Security Manager,posted|wp_id=42661|https://kenya.mimusjobs.com/job/assistant-security-manager/,2026-09-16T12:17:54.418660
e378a91f8f333495,https://www.myjobmag.co.ke/job/48308/director-of-legal-services-council-of-governors,Director of Legal Services,posted|wp_id=26787|https://kenya.mimusjobs.com/job/director-of-legal-services/,2026-09-16T12:18:02.337853
44bb58ed6426c2dc,https://www.myjobmag.co.ke/job/48309/director-of-communication-council-of-governors,Director of Communication,posted|wp_id=42665|https://kenya.mimusjobs.com/job/director-of-communication/,2026-09-16T12:18:11.846335
5726482896e6663b,https://www.myjobmag.co.ke/job/48310/senior-program-officer-health-council-of-governors,"Senior Program Officer, Health",posted|wp_id=42667|https://kenya.mimusjobs.com/job/senior-program-officer-health/,2026-09-16T12:18:20.065668
027cf33ddb6f47ef,https://www.myjobmag.co.ke/job/48311/photographer-videographer-council-of-governors,Photographer / Videographer,posted|wp_id=42669|https://kenya.mimusjobs.com/job/photographer-videographer/,2026-09-16T12:18:26.929905
b9524849017822e8,https://www.myjobmag.co.ke/job/48312/legal-officer-council-of-governors,Legal Officer,posted|wp_id=7082|https://kenya.mimusjobs.com/job/legal-officer/,2026-09-16T12:18:31.256915
ea2d5a5e0f66b6ae,https://www.myjobmag.co.ke/job/48313/programme-officer-council-of-governors,Programme Officer,posted|wp_id=15297|https://kenya.mimusjobs.com/job/programme-officer/,2026-09-16T12:18:35.371454
e3e085b15437cc4a,https://www.myjobmag.co.ke/job/48305/flight-dispatcher-human-talent-recruit,Flight Dispatcher,posted|wp_id=42673|https://kenya.mimusjobs.com/job/flight-dispatcher/,2026-09-16T12:18:45.712719
836ce7998bca729c,https://www.myjobmag.co.ke/job/48306/aircraft-loading-supervisor-human-talent-recruit,Aircraft Loading Supervisor,posted|wp_id=42675|https://kenya.mimusjobs.com/job/aircraft-loading-supervisor/,2026-09-16T12:18:53.448743
4242d118c0301e14,https://www.myjobmag.co.ke/job/48307/accountants-human-talent-recruit,Accountants,posted|wp_id=30233|https://kenya.mimusjobs.com/job/accountants/,2026-09-16T12:18:57.403451
d071203a98fb8bcf,https://www.myjobmag.co.ke/job/48304/sales-administrator-human-talent-recruit,Sales Administrator,posted|wp_id=12533|https://kenya.mimusjobs.com/job/sales-administrator/,2026-09-16T12:19:03.675435
734fab557bfd7a6a,https://www.myjobmag.co.ke/job/48381/food-security-specialist-norwegian-refugee-council,Food Security Specialist,posted|wp_id=42677|https://kenya.mimusjobs.com/job/food-security-specialist/,2026-09-16T12:19:13.144454
1152ae3eeec34934,https://www.myjobmag.co.ke/job/48380/mobile-application-developer-excel-wise-consultants-limited,Mobile Application Developer,posted|wp_id=42681|https://kenya.mimusjobs.com/job/mobile-application-developer/,2026-09-16T12:19:23.192545
a4d478ea1f420c6d,https://www.myjobmag.co.ke/job/48379/associate-sales-representative-kenya-cisco,Associate Sales Representative Kenya,posted|wp_id=42685|https://kenya.mimusjobs.com/job/associate-sales-representative-kenya/,2026-09-16T12:19:32.074243
3b22ff8271f90c9c,https://www.myjobmag.co.ke/job/48378/sales-supervisor-lab-and-allied,Sales Supervisor,posted|wp_id=42689|https://kenya.mimusjobs.com/job/sales-supervisor/,2026-09-16T12:19:41.552290
88cf59b8580a1deb,https://www.myjobmag.co.ke/job/48377/registered-nurse-chebu-healthcare-services,Registered nurse,posted|wp_id=21211|https://kenya.mimusjobs.com/job/registered-nurse/,2026-09-16T12:19:48.970873
1114f3804bd3140e,https://www.myjobmag.co.ke/job/48376/rsc-director-church-world-service,RSC Director,posted|wp_id=42693|https://kenya.mimusjobs.com/job/rsc-director/,2026-09-16T12:19:56.857606
6f1daa13b3832a07,https://www.myjobmag.co.ke/job/48375/area-programme-manager-save-the-children,Area Programme Manager,posted|wp_id=42695|https://kenya.mimusjobs.com/job/area-programme-manager/,2026-09-16T12:20:08.121962
c8cfaf630b0deadf,https://www.myjobmag.co.ke/job/48374/specialist-investigations-global-internal-audit-world-vision-kenya,"Specialist Investigations, Global Internal Audit",posted|wp_id=42697|https://kenya.mimusjobs.com/job/specialist-investigations-global-internal-audit/,2026-09-16T12:20:18.464410
bca4a01d0a4afbcc,https://www.myjobmag.co.ke/job/48373/communication-officer-pact-world,Communication Officer,posted|wp_id=30934|https://kenya.mimusjobs.com/job/communication-officer/,2026-09-16T12:20:28.332034
96c0ab9ee6a0c669,https://www.myjobmag.co.ke/job/48372/programme-officer-public-interest-litigation-africa-centre-for-open-governance-africog,Programme Officer - Public Interest Litigation,posted|wp_id=42703|https://kenya.mimusjobs.com/job/programme-officer-public-interest-litigation/,2026-09-16T12:20:39.329323
908f1d4373657d05,https://www.myjobmag.co.ke/job/48371/senior-program-officer-commodities-world-vision-kenya,Senior Program Officer - Commodities,posted|wp_id=42705|https://kenya.mimusjobs.com/job/senior-program-officer-commodities/,2026-09-16T12:20:48.189147
8d3612dc7482e902,https://www.myjobmag.co.ke/job/48369/director-monitoring-evaluation-accountability-and-learning-catholic-relief,"Director - Monitoring, Evaluation, Accountability and Learning",posted|wp_id=42707|https://kenya.mimusjobs.com/job/director-monitoring-evaluation-accountability-and-learning/,2026-09-16T12:20:57.671043
3b15ca1ed10df860,https://www.myjobmag.co.ke/job/48370/director-household-economic-strengthening-ref-2016-46-catholic-relief,Director - Household Economic Strengthening - (Ref.2016/46),posted|wp_id=42709|https://kenya.mimusjobs.com/job/director-household-economic-strengthening-ref-2016-46/,2026-09-16T12:21:06.465805
3e9e675e699a9f1e,https://www.myjobmag.co.ke/job/48364/contracts-and-grants-officer-centre-for-health-solutions-kenya-chs,Contracts and Grants Officer - 2 positions,posted|wp_id=42713|https://kenya.mimusjobs.com/job/contracts-and-grants-officer-2-positions/,2026-09-16T12:21:18.016123
6e9cc2fb2b72a4b9,https://www.myjobmag.co.ke/job/48365/human-resource-officer-centre-for-health-solutions-kenya-chs,Human Resource Officer,posted|wp_id=7198|https://kenya.mimusjobs.com/job/human-resource-officer/,2026-09-16T12:21:21.699382
e0098a28bcad8c67,https://www.myjobmag.co.ke/job/48366/administration-officer-centre-for-health-solutions-kenya-chs,Administration Officer,posted|wp_id=42715|https://kenya.mimusjobs.com/job/administration-officer/,2026-09-16T12:21:28.443292
a428a50ab68a2d32,https://www.myjobmag.co.ke/job/48367/vmmc-communication-and-mobilisation-advisor-centre-for-health-solutions-kenya-chs,VMMC Communication and Mobilisation Advisor,posted|wp_id=42717|https://kenya.mimusjobs.com/job/vmmc-communication-and-mobilisation-advisor/,2026-09-16T12:21:36.415839
3604d76cf732fbf7,https://www.myjobmag.co.ke/job/48368/drivers-centre-for-health-solutions-kenya-chs,Drivers - 10 positions,posted|wp_id=42719|https://kenya.mimusjobs.com/job/drivers-10-positions/,2026-09-16T12:21:43.376893
d346b9a54239dfdb,https://www.myjobmag.co.ke/job/48363/university-librarian-great-lakes-university-of-kisumu,University Librarian,posted|wp_id=42723|https://kenya.mimusjobs.com/job/university-librarian/,2026-09-16T12:21:52.735952
e0d8deefdcec1206,https://www.myjobmag.co.ke/job/48362/communications-coordinator-africa,"Communications Coordinator, Africa",posted|wp_id=42724|https://kenya.mimusjobs.com/job/communications-coordinator-africa/,2026-09-16T12:21:58.774733
7bcfec9f7a1cc9bc,https://www.myjobmag.co.ke/job/48360/software-engineer-jumo-world,Software Engineer,posted|wp_id=40296|https://kenya.mimusjobs.com/job/software-engineer/,2026-09-16T12:22:06.209358
cf2edd25016d664c,https://www.myjobmag.co.ke/job/48361/senior-software-engineer-jumo-world,Senior Software Engineer,posted|wp_id=24643|https://kenya.mimusjobs.com/job/senior-software-engineer/,2026-09-16T12:22:09.853649
ab445da432743310,https://www.myjobmag.co.ke/job/48359/teller,Teller,posted|wp_id=42727|https://kenya.mimusjobs.com/job/teller/,2026-09-16T12:22:16.883857
491672980ab165e7,https://www.myjobmag.co.ke/job/48358/digital-marketing-manager-android-game-maker,Digital Marketing Manager,posted|wp_id=42401|https://kenya.mimusjobs.com/job/digital-marketing-manager/,2026-09-16T12:22:24.457292
63accea16f3da2b7,https://www.myjobmag.co.ke/job/48354/human-resource-admin-assistant-kenya-nationals-only-norwegian-refugee-council,Human Resource / Admin Assistant - Kenya Nationals Only,posted|wp_id=42731|https://kenya.mimusjobs.com/job/human-resource-admin-assistant-kenya-nationals-only/,2026-09-16T12:22:33.014638
74331369c22f9918,https://www.myjobmag.co.ke/job/48355/logistics-officer-norwegian-refugee-council,Logistics Officer,posted|wp_id=42733|https://kenya.mimusjobs.com/job/logistics-officer-2/,2026-09-16T12:22:39.018328
a1822f55725d7cbe,https://www.myjobmag.co.ke/job/48356/logistics-assistant-norwegian-refugee-council,Logistics Assistant,posted|wp_id=42735|https://kenya.mimusjobs.com/job/logistics-assistant/,2026-09-16T12:22:44.599031
3ea5957a4d97e434,https://www.myjobmag.co.ke/job/48357/ict-assistant-norwegian-refugee-council,ICT Assistant,posted|wp_id=38753|https://kenya.mimusjobs.com/job/ict-assistant/,2026-09-16T12:22:48.320636
934867514867a195,https://www.myjobmag.co.ke/job/48353/hr-management-trainee-cdl-human-resource,HR Management Trainee,posted|wp_id=40201|https://kenya.mimusjobs.com/job/hr-management-trainee/,2026-09-16T12:22:53.526052
7da18485310a9563,https://www.myjobmag.co.ke/job/48352/e-learning-platform-and-content-developer-indepth-research-services-ires,E-learning platform and Content Developer,posted|wp_id=42641|https://kenya.mimusjobs.com/job/e-learning-platform-and-content-developer/,2026-09-16T12:22:59.318738
9c0baae38710b483,https://www.myjobmag.co.ke/job/48351/general-manager-real-estate-covenant-executives,General Manager-Real Estate,posted|wp_id=42739|https://kenya.mimusjobs.com/job/general-manager-real-estate/,2026-09-16T12:23:10.363429
4f3e49d46fb1f8af,https://www.myjobmag.co.ke/job/48350/personal-assistant-kenafric-industries,Personal Assistant,posted|wp_id=11876|https://kenya.mimusjobs.com/job/personal-assistant/,2026-09-16T12:23:15.726005
9e6cf475c88fb87a,https://www.myjobmag.co.ke/job/48349/program-rotation-fellow-one-acre-fund,Program Rotation Fellow,posted|wp_id=42741|https://kenya.mimusjobs.com/job/program-rotation-fellow/,2026-09-16T12:23:23.257714
cf8fb6a70aca7d22,https://www.myjobmag.co.ke/job/48347/education-amp-training-manager-kenya-union-of-savings-credit-co-operative-limited,Education & Training Manager,posted|wp_id=42745|https://kenya.mimusjobs.com/job/education-training-manager/,2026-09-16T12:23:32.845554
4fbadf6dc10025f4,https://www.myjobmag.co.ke/job/48348/research-amp-consultancy-manager-kenya-union-of-savings-credit-co-operative-limited,Research & Consultancy Manager,posted|wp_id=42747|https://kenya.mimusjobs.com/job/research-consultancy-manager/,2026-09-16T12:23:38.715375
79d003098df0c761,https://www.myjobmag.co.ke/job/48442/sales-executive-lafayette-resources,Sales Executive,posted|wp_id=10367|https://kenya.mimusjobs.com/job/sales-executive/,2026-09-16T12:23:46.659322
0a2ae636d0908f3a,https://www.myjobmag.co.ke/job/48443/senior-technical-leader-lafayette-resources,Senior Technical Leader,posted|wp_id=42751|https://kenya.mimusjobs.com/job/senior-technical-leader/,2026-09-16T12:23:53.175449
70e065eeaeb4d983,https://www.myjobmag.co.ke/job/48444/telemarketing-executive-lafayette-resources,Telemarketing Executive,posted|wp_id=42753|https://kenya.mimusjobs.com/job/telemarketing-executive/,2026-09-16T12:23:59.876985
9d9ec35e3f7f10b2,https://www.myjobmag.co.ke/job/48440/sales-amp-marketing-manager-hrbp-solutions,Sales & Marketing Manager,posted|wp_id=42757|https://kenya.mimusjobs.com/job/sales-marketing-manager/,2026-09-16T12:24:09.802337
be26cd6df379be75,https://www.myjobmag.co.ke/job/48441/veterinary-manager-hrbp-solutions,Veterinary Manager,posted|wp_id=42759|https://kenya.mimusjobs.com/job/veterinary-manager/,2026-09-16T12:24:15.774246
30c0545613ec9ba8,https://www.myjobmag.co.ke/job/48439/chinese-speaking-building-materials-sales-executive-frank-management-consult-ltd,Chinese Speaking Building Materials Sales Executive,posted|wp_id=42761|https://kenya.mimusjobs.com/job/chinese-speaking-building-materials-sales-executive/,2026-09-16T12:24:23.085835
dddeb1d65d205ce1,https://www.myjobmag.co.ke/job/48435/electromechanical-technician-vinci-construction,Electromechanical Technician,posted|wp_id=31296|https://kenya.mimusjobs.com/job/electromechanical-technician/,2026-09-16T12:24:31.180902
f1db6b2d8c48f984,https://www.myjobmag.co.ke/job/48436/draughtsman-vinci-construction,Draughtsman,posted|wp_id=42765|https://kenya.mimusjobs.com/job/draughtsman/,2026-09-16T12:24:37.092791
88b0c3b63da775f0,https://www.myjobmag.co.ke/job/48437/excavator-operator-wetlands-vinci-construction,Excavator Operator (Wetlands),posted|wp_id=42767|https://kenya.mimusjobs.com/job/excavator-operator-wetlands/,2026-09-16T12:24:43.756002
e2325f3fd38c8e87,https://www.myjobmag.co.ke/job/48438/mechanical-technician-vinci-construction,Mechanical Technician,posted|wp_id=30561|https://kenya.mimusjobs.com/job/mechanical-technician/,2026-09-16T12:24:47.590159
92367361ad32b6f4,https://www.myjobmag.co.ke/job/48431/help-desk-specialist-lafayette-resources,Help Desk Specialist,posted|wp_id=42769|https://kenya.mimusjobs.com/job/help-desk-specialist/,2026-09-16T12:24:55.411982
281fe11caae09a5e,https://www.myjobmag.co.ke/job/48432/general-manager-lafayette-resources,General Manager,posted|wp_id=22253|https://kenya.mimusjobs.com/job/general-manager/,2026-09-16T12:24:58.871724
51233cc9af4b9ecd,https://www.myjobmag.co.ke/job/48433/business-development-officer-lafayette-resources,Business Development Officer,posted|wp_id=24928|https://kenya.mimusjobs.com/job/business-development-officer/,2026-09-16T12:25:02.825248
b7f4595288552732,https://www.myjobmag.co.ke/job/48434/business-development-consultant-lafayette-resources,Business Development Consultant,posted|wp_id=42771|https://kenya.mimusjobs.com/job/business-development-consultant/,2026-09-16T12:25:09.054870
e2673ce6ae9b8309,https://www.myjobmag.co.ke/job/48430/medical-officer-marie-stopes,Medical Officer,posted|wp_id=19220|https://kenya.mimusjobs.com/job/medical-officer/,2026-09-16T12:25:13.986867
44640c9c881b23be,https://www.myjobmag.co.ke/job/48426/project-coordinator-care,Project Coordinator,posted|wp_id=12940|https://kenya.mimusjobs.com/job/project-coordinator/,2026-09-16T12:25:19.992766
0e587bd376782c8f,https://www.myjobmag.co.ke/job/48427/safety-amp-security-officer-care,Safety & Security Officer,posted|wp_id=42773|https://kenya.mimusjobs.com/job/safety-security-officer/,2026-09-16T12:25:26.563054
05131712499b1f62,https://www.myjobmag.co.ke/job/48428/monitoring-amp-evaluation-specialist-care,Monitoring & Evaluation Specialist,posted|wp_id=42775|https://kenya.mimusjobs.com/job/monitoring-evaluation-specialist/,2026-09-16T12:25:32.218147
2ce28cbe2cb8559f,https://www.myjobmag.co.ke/job/48429/program-quality-coordinator-care,Program Quality Coordinator,posted|wp_id=42777|https://kenya.mimusjobs.com/job/program-quality-coordinator/,2026-09-16T12:25:37.899815
9480e845d4802dd3,https://www.myjobmag.co.ke/job/48425/communications-officer-africa-centre-for-open-governance-africog,Communications Officer,posted|wp_id=22365|https://kenya.mimusjobs.com/job/communications-officer/,2026-09-16T12:25:42.634115
dc8071c4a2d2b70c,https://www.myjobmag.co.ke/job/48424/grants-officer-ima-world-health,Grants Officer,posted|wp_id=42782|https://kenya.mimusjobs.com/job/grants-officer/,2026-09-16T12:25:51.944564
bef6354b4d27122a,https://www.myjobmag.co.ke/job/48423/legal-amp-advocacy-officer-heshima-kenya,Legal & Advocacy Officer,posted|wp_id=42786|https://kenya.mimusjobs.com/job/legal-advocacy-officer/,2026-09-16T12:26:01.961444
f09113c2d7fd92f2,https://www.myjobmag.co.ke/job/48422/communications-officer-acted,Communications Officer,posted|wp_id=22365|https://kenya.mimusjobs.com/job/communications-officer/,2026-09-16T12:26:06.843180
6482b0f81be4fd49,https://www.myjobmag.co.ke/job/48412/mapping-assistants-population-amp-social-statistics-kenya-national-bureau-of-statistics-knbs,Mapping Assistants Population & Social Statistics,posted|wp_id=42790|https://kenya.mimusjobs.com/job/mapping-assistants-population-social-statistics/,2026-09-16T12:26:16.899296
e8d463acc294c265,https://www.myjobmag.co.ke/job/48413/it-data-processing-kenya-national-bureau-of-statistics-knbs,IT Data Processing,posted|wp_id=42792|https://kenya.mimusjobs.com/job/it-data-processing/,2026-09-16T12:26:22.859790
65f8a06c5cd3a6de,https://www.myjobmag.co.ke/job/48414/livestock-statistics-kenya-national-bureau-of-statistics-knbs,Livestock Statistics,posted|wp_id=42794|https://kenya.mimusjobs.com/job/livestock-statistics/,2026-09-16T12:26:29.182953
556bb549c7bc8533,https://www.myjobmag.co.ke/job/48415/secretarial-assistant-administration-kenya-national-bureau-of-statistics-knbs,Secretarial Assistant Administration,posted|wp_id=42796|https://kenya.mimusjobs.com/job/secretarial-assistant-administration/,2026-09-16T12:26:35.414615
1b8e05d532acf701,https://www.myjobmag.co.ke/job/48416/office-assistant-admin-kenya-national-bureau-of-statistics-knbs,"Office Assistant, Admin",posted|wp_id=42798|https://kenya.mimusjobs.com/job/office-assistant-admin/,2026-09-16T12:26:41.064800
9e968c9537fef9a3,https://www.myjobmag.co.ke/job/48417/gis-technicians-kenya-national-bureau-of-statistics-knbs,GIS Technicians,posted|wp_id=42800|https://kenya.mimusjobs.com/job/gis-technicians/,2026-09-16T12:26:46.831142
f9fbe248d3236ff2,https://www.myjobmag.co.ke/job/48418/statistical-assistant-agriculture-statistics-kenya-national-bureau-of-statistics-knbs,"Statistical Assistant, Agriculture Statistics",posted|wp_id=42802|https://kenya.mimusjobs.com/job/statistical-assistant-agriculture-statistics/,2026-09-16T12:26:52.596370
306d4707d68126cc,https://www.myjobmag.co.ke/job/48419/senior-library-services-kenya-national-bureau-of-statistics-knbs,Senior Library Services,posted|wp_id=42804|https://kenya.mimusjobs.com/job/senior-library-services/,2026-09-16T12:26:58.211812
62ff085a8cc454a3,https://www.myjobmag.co.ke/job/48420/senior-officer-labour-statistics-production-kenya-national-bureau-of-statistics-knbs,"Senior Officer, Labour Statistics (Production)",posted|wp_id=42806|https://kenya.mimusjobs.com/job/senior-officer-labour-statistics-production/,2026-09-16T12:27:04.311348
579ec9b14c314eed,https://www.myjobmag.co.ke/job/48421/assistant-manager-senior-accountant-kenya-national-bureau-of-statistics-knbs,"Assistant Manager, Senior Accountant",posted|wp_id=42808|https://kenya.mimusjobs.com/job/assistant-manager-senior-accountant/,2026-09-16T12:27:10.048213
b878857e616fe80c,https://www.myjobmag.co.ke/job/48411/construction-machine-operator-optim-systems-ltd,Construction Machine Operator,posted|wp_id=42812|https://kenya.mimusjobs.com/job/construction-machine-operator/,2026-09-16T12:27:18.870038
df70ffcd190432a8,https://www.myjobmag.co.ke/job/48410/claims-manager-ga-insurance,Claims Manager,posted|wp_id=42814|https://kenya.mimusjobs.com/job/claims-manager/,2026-09-16T12:27:25.709754
80aa8edc4c60b996,https://www.myjobmag.co.ke/job/48409/project-director-breakthrough-media,Project Director,posted|wp_id=42818|https://kenya.mimusjobs.com/job/project-director/,2026-09-16T12:27:34.562218
d8d7780ef3a7c175,https://www.myjobmag.co.ke/job/48406/security-officers-h-young-co-e-a-ltd,Security Officers,posted|wp_id=40190|https://kenya.mimusjobs.com/job/security-officers/,2026-09-16T12:27:41.008303
0cc943b0de2e8f73,https://www.myjobmag.co.ke/job/48407/security-guards-h-young-co-e-a-ltd,Security Guards,posted|wp_id=38478|https://kenya.mimusjobs.com/job/security-guards/,2026-09-16T12:27:44.162698
83c6572b0f902563,https://www.myjobmag.co.ke/job/48408/workshop-manager-h-young-co-e-a-ltd,Workshop Manager,posted|wp_id=42822|https://kenya.mimusjobs.com/job/workshop-manager/,2026-09-16T12:27:50.084832
1fc75f486ed580da,https://www.myjobmag.co.ke/job/48405/head-of-agent-acquisition-koko-networks,Head of Agent Acquisition,posted|wp_id=42826|https://kenya.mimusjobs.com/job/head-of-agent-acquisition/,2026-09-16T12:27:58.601278
f39b5b01ca331ce7,https://www.myjobmag.co.ke/job/48404/head-of-legal-division-kenya-national-bureau-of-statistics-knbs,Head of Legal Division,posted|wp_id=42828|https://kenya.mimusjobs.com/job/head-of-legal-division/,2026-09-16T12:28:06.035622
e1d493c7ba2eecbe,https://www.myjobmag.co.ke/job/48398/video-editor-r4kenya,Video Editor,posted|wp_id=24104|https://kenya.mimusjobs.com/job/video-editor/,2026-09-16T12:28:11.420392
480b8fcd4941216d,https://www.myjobmag.co.ke/job/48399/admin-amp-hr-officer-r4kenya,Admin & HR Officer,posted|wp_id=42830|https://kenya.mimusjobs.com/job/admin-hr-officer/,2026-09-16T12:28:16.773009
f8ec3c600e6a1e20,https://www.myjobmag.co.ke/job/48400/sales-amp-marketing-executives-r4kenya,Sales & Marketing Executives,posted|wp_id=42832|https://kenya.mimusjobs.com/job/sales-marketing-executives/,2026-09-16T12:28:22.501819
b196abe8c3bf21c6,https://www.myjobmag.co.ke/job/48401/sound-engineer-r4kenya,Sound Engineer,posted|wp_id=42834|https://kenya.mimusjobs.com/job/sound-engineer/,2026-09-16T12:28:28.126542
fdb9956947100e97,https://www.myjobmag.co.ke/job/48402/professional-photographer-r4kenya,Professional Photographer,posted|wp_id=42836|https://kenya.mimusjobs.com/job/professional-photographer/,2026-09-16T12:28:33.483831
ed1dc5de5d7cd843,https://www.myjobmag.co.ke/job/48403/project-manager-r4kenya,Project Manager,posted|wp_id=25214|https://kenya.mimusjobs.com/job/project-manager/,2026-09-16T12:28:36.947543
ecd65204051fe1d4,https://www.myjobmag.co.ke/job/48396/hospitality-amp-catering-manager-safaricom-kenya,Hospitality & Catering Manager,posted|wp_id=42838|https://kenya.mimusjobs.com/job/hospitality-catering-manager/,2026-09-16T12:28:45.089251
ae7ac7177ac50c1e,https://www.myjobmag.co.ke/job/48397/senior-officer-property-leases-assets-amp-archiving-safaricom-kenya,"Senior Officer- Property, Leases, Assets & Archiving",posted|wp_id=42840|https://kenya.mimusjobs.com/job/senior-officer-property-leases-assets-archiving/,2026-09-16T12:28:51.666744
9fb0322cf5282190,https://www.myjobmag.co.ke/job/48394/service-support-stanbic-bank,Service Support,posted|wp_id=42842|https://kenya.mimusjobs.com/job/service-support/,2026-09-16T12:29:00.084955
13ef8a523f95da57,https://www.myjobmag.co.ke/job/48395/asset-custodian-stanbic-bank,Asset Custodian,posted|wp_id=42602|https://kenya.mimusjobs.com/job/asset-custodian/,2026-09-16T12:29:04.699515
bdd8608da60116ca,https://www.myjobmag.co.ke/job/48392/research-amp-consultancy-manager-kenya-union-of-savings-credit-co-operative-limited,Research & Consultancy Manager,posted|wp_id=42747|https://kenya.mimusjobs.com/job/research-consultancy-manager/,2026-09-16T12:29:10.272985
7560cbd49f953e90,https://www.myjobmag.co.ke/job/48393/education-amp-training-manager-kenya-union-of-savings-credit-co-operative-limited,Education & Training Manager,posted|wp_id=42745|https://kenya.mimusjobs.com/job/education-training-manager/,2026-09-16T12:29:13.952106
30cf04c4b6759a1a,https://www.myjobmag.co.ke/job/48391/programme-advisor-kenya-human-rights-commission,Programme Advisor,posted|wp_id=42846|https://kenya.mimusjobs.com/job/programme-advisor/,2026-09-16T12:29:23.244108
d738fb0695207518,https://www.myjobmag.co.ke/job/48390/data-intern-mercy-corps,Data Intern,posted|wp_id=42848|https://kenya.mimusjobs.com/job/data-intern/,2026-09-16T12:29:30.886791
f767e8ae250e4fa3,https://www.myjobmag.co.ke/job/48389/sme-advisor-moving-energy-initiative-energy-4-impact,SME Advisor - Moving Energy Initiative,posted|wp_id=42852|https://kenya.mimusjobs.com/job/sme-advisor-moving-energy-initiative/,2026-09-16T12:29:39.336584
bd7a8a35e2644870,https://www.myjobmag.co.ke/job/48485/loans-officer-sacco-society,Loans Officer,posted|wp_id=42144|https://kenya.mimusjobs.com/job/loans-officer/,2026-09-16T12:29:46.011010
f5456a3403b033c2,https://www.myjobmag.co.ke/job/48484/chief-executive-officer-the-association-of-micro-finance-institutions-of-kenya-amfi,Chief Executive Officer,posted|wp_id=20160|https://kenya.mimusjobs.com/job/chief-executive-officer/,2026-09-16T12:29:52.393415
4869f49950fecfa5,https://www.myjobmag.co.ke/job/48483/monitoring-and-evaluation-officer-fhi360-ngo,Monitoring and Evaluation Officer,posted|wp_id=42858|https://kenya.mimusjobs.com/job/monitoring-and-evaluation-officer/,2026-09-16T12:30:00.492211
de4ded37df814c4d,https://www.myjobmag.co.ke/job/48482/graduate-technical-sales-assistants-manpower-services,Graduate Technical Sales Assistants,posted|wp_id=42860|https://kenya.mimusjobs.com/job/graduate-technical-sales-assistants/,2026-09-16T12:30:11.907697
9b07028d6d5819ad,https://www.myjobmag.co.ke/job/48481/mechanical-technician-wts-energy,Mechanical Technician,posted|wp_id=30561|https://kenya.mimusjobs.com/job/mechanical-technician/,2026-09-16T12:30:18.072885
aa7a87aa860a61e6,https://www.myjobmag.co.ke/job/48480/online-customer-service-intern-chrome-solution-ltd,Online Customer Service Intern,posted|wp_id=42866|https://kenya.mimusjobs.com/job/online-customer-service-intern/,2026-09-16T12:30:26.758839
58be2cb9bdcc0914,https://www.myjobmag.co.ke/job/48476/production-shift-manager-hrbp-solutions,Production Shift Manager,posted|wp_id=42868|https://kenya.mimusjobs.com/job/production-shift-manager/,2026-09-16T12:30:34.478194
39800fc648b241b6,https://www.myjobmag.co.ke/job/48477/technical-operator-hrbp-solutions,Technical Operator,posted|wp_id=42655|https://kenya.mimusjobs.com/job/technical-operator/,2026-09-16T12:30:37.852306
dfd8bb570d194867,https://www.myjobmag.co.ke/job/48478/veterinary-manager-hrbp-solutions,Veterinary Manager,posted|wp_id=42759|https://kenya.mimusjobs.com/job/veterinary-manager/,2026-09-16T12:30:41.453579
ade78821370ca698,https://www.myjobmag.co.ke/job/48479/sales-amp-marketing-manager-hrbp-solutions,Sales & Marketing Manager,posted|wp_id=42757|https://kenya.mimusjobs.com/job/sales-marketing-manager/,2026-09-16T12:30:45.097737
6ef3478185e6b5c4,https://www.myjobmag.co.ke/job/48474/monitoring-amp-evaluation-officer-centre-for-health-solutions-kenya-chs,Monitoring & Evaluation Officer,posted|wp_id=42870|https://kenya.mimusjobs.com/job/monitoring-evaluation-officer/,2026-09-16T12:30:54.103104
8607c9f0b62ddd3d,https://www.myjobmag.co.ke/job/48475/data-manager-centre-for-health-solutions-kenya-chs,Data Manager,posted|wp_id=42872|https://kenya.mimusjobs.com/job/data-manager/,2026-09-16T12:31:00.397453
2b0edd362b0c9df1,https://www.myjobmag.co.ke/job/48531/principal-registered-nurse-mombasa-county-public-service-board,Principal Registered Nurse - 30 positions,posted|wp_id=42892|https://kenya.mimusjobs.com/job/principal-registered-nurse-30-positions/,2026-09-16T16:14:04.395789
bbfff438ffaa7d6f,https://www.myjobmag.co.ke/job/48527/senior-advisor-international-resources-group-irg,Senior advisor,posted|wp_id=42896|https://kenya.mimusjobs.com/job/senior-advisor/,2026-09-16T16:14:16.730502
9c6f42f6ab81963f,https://www.myjobmag.co.ke/job/48528/financial-products-delivery-managers-international-resources-group-irg,Financial products delivery managers,posted|wp_id=42898|https://kenya.mimusjobs.com/job/financial-products-delivery-managers/,2026-09-16T16:14:25.201371
ec70d3fae5ff1e3c,https://www.myjobmag.co.ke/job/48529/senior-structured-finance-advisor-international-resources-group-irg,Senior structured finance advisor,posted|wp_id=42900|https://kenya.mimusjobs.com/job/senior-structured-finance-advisor/,2026-09-16T16:14:32.832710
7fb2f3be71250d3d,https://www.myjobmag.co.ke/job/48530/senior-investment-facilitation-managers-international-resources-group-irg,Senior investment facilitation managers,posted|wp_id=42902|https://kenya.mimusjobs.com/job/senior-investment-facilitation-managers/,2026-09-16T16:14:40.286503
bcf1a1255022012f,https://www.myjobmag.co.ke/job/48526/sales-administrator,Sales Administrator,posted|wp_id=12533|https://kenya.mimusjobs.com/job/sales-administrator/,2026-09-16T16:14:45.713727
02a01e84f577c05b,https://www.myjobmag.co.ke/job/48525/insurance-sales-icea-lion-group,Insurance Sales,posted|wp_id=42904|https://kenya.mimusjobs.com/job/insurance-sales/,2026-09-16T16:14:55.289626
7cf1f9c059cdd414,https://www.myjobmag.co.ke/job/48524/laundry-attendant-alternate-doors,Laundry Attendant,posted|wp_id=30425|https://kenya.mimusjobs.com/job/laundry-attendant/,2026-09-16T16:15:03.917389
32b266cf6468ee81,https://www.myjobmag.co.ke/job/48518/head-legal-services-the-office-of-the-auditor-general-oag,Head - Legal Services,posted|wp_id=42910|https://kenya.mimusjobs.com/job/head-legal-services/,2026-09-16T16:15:16.666514
311f1abf7acf9d0b,https://www.myjobmag.co.ke/job/48519/manager-procurement-the-office-of-the-auditor-general-oag,Manager - Procurement,posted|wp_id=42912|https://kenya.mimusjobs.com/job/manager-procurement/,2026-09-16T16:15:24.434801
1b377548368cc62a,https://www.myjobmag.co.ke/job/48520/supervisor-procurement-the-office-of-the-auditor-general-oag,Supervisor - Procurement,posted|wp_id=42914|https://kenya.mimusjobs.com/job/supervisor-procurement/,2026-09-16T16:15:32.106657
6d95317b4e5ee9c9,https://www.myjobmag.co.ke/job/48521/clerical-officer-the-office-of-the-auditor-general-oag,Clerical Officer - 14 positions,posted|wp_id=42916|https://kenya.mimusjobs.com/job/clerical-officer-14-positions/,2026-09-16T16:15:39.439665
8ee4d817521c8003,https://www.myjobmag.co.ke/job/48522/motor-vehicle-driver-the-office-of-the-auditor-general-oag,Motor Vehicle Driver - 15 positions,posted|wp_id=42918|https://kenya.mimusjobs.com/job/motor-vehicle-driver-15-positions/,2026-09-16T16:15:46.914799
a811e90f96bdb2ec,https://www.myjobmag.co.ke/job/48523/office-assistant-the-office-of-the-auditor-general-oag,Office Assistant - 13 positions,posted|wp_id=42920|https://kenya.mimusjobs.com/job/office-assistant-13-positions/,2026-09-16T16:15:54.177997
011a20d4d7df534a,https://www.myjobmag.co.ke/job/48516/administrative-assistant,Administrative Assistant,posted|wp_id=12735|https://kenya.mimusjobs.com/job/administrative-assistant/,2026-09-16T16:15:59.869384
4741f1c24ee9550a,https://www.myjobmag.co.ke/job/48517/laboratory-technician,Laboratory Technician,posted|wp_id=42921|https://kenya.mimusjobs.com/job/laboratory-technician/,2026-09-16T16:16:05.982841
2ea086250d743bf4,https://www.myjobmag.co.ke/job/48512/plaster-technician-mombasa-county-public-service-board,Plaster Technician - 2 positions,posted|wp_id=42923|https://kenya.mimusjobs.com/job/plaster-technician-2-positions/,2026-09-16T16:16:15.881368
5c10319319bb6505,https://www.myjobmag.co.ke/job/48511/administrative-associate-un-women,Administrative Associate,posted|wp_id=42924|https://kenya.mimusjobs.com/job/administrative-associate-2/,2026-09-16T16:16:24.821536
04f4865bcaf901a3,https://www.myjobmag.co.ke/job/48509/accountant-summit-recruitment-and-search,Accountant,posted|wp_id=7107|https://kenya.mimusjobs.com/job/accountant/,2026-09-16T16:16:31.016018
a9a31600263edb6a,https://www.myjobmag.co.ke/job/48508/graphics-designer-ecumenical-pharmaceutical-network-ngo-epn,Graphics Designer,posted|wp_id=24729|https://kenya.mimusjobs.com/job/graphics-designer/,2026-09-16T16:16:39.077993
513cd2c98cd22b85,https://www.myjobmag.co.ke/job/48507/centre-assistant-zen-cycle,Centre Assistant,posted|wp_id=42930|https://kenya.mimusjobs.com/job/centre-assistant/,2026-09-16T16:16:50.744702
cf1503963331eb63,https://www.myjobmag.co.ke/job/48506/area-sales-representative-indirect-trade-channel-sheer-logic,Area Sales Representative - Indirect Trade Channel,posted|wp_id=42932|https://kenya.mimusjobs.com/job/area-sales-representative-indirect-trade-channel/,2026-09-16T16:17:00.409316
baeb4ca8f096db17,https://www.myjobmag.co.ke/job/48510/business-development-executives-sheer-logic,Business Development Executives - 4 positions,posted|wp_id=42934|https://kenya.mimusjobs.com/job/business-development-executives-4-positions/,2026-09-16T16:17:11.614378
186c37073ecaf0aa,https://www.myjobmag.co.ke/job/48505/network-technician-assistant-flexi-personnel,Network Technician Assistant,posted|wp_id=42936|https://kenya.mimusjobs.com/job/network-technician-assistant/,2026-09-16T16:17:22.173000
4c038e383bc6db36,https://www.myjobmag.co.ke/job/48504/psv-driver-africabs-tours,PSV Driver,posted|wp_id=42940|https://kenya.mimusjobs.com/job/psv-driver/,2026-09-16T16:17:33.888067
bf34759865abb997,https://www.myjobmag.co.ke/job/48503/team-supervisor-4g-capital,Team Supervisor,posted|wp_id=42942|https://kenya.mimusjobs.com/job/team-supervisor/,2026-09-16T16:17:43.088102
7bf0ff195147446b,https://www.myjobmag.co.ke/job/48496/assistant-accountant-tom-mboya-college,Assistant Accountant - 2 positions,posted|wp_id=42946|https://kenya.mimusjobs.com/job/assistant-accountant-2-positions/,2026-09-16T16:17:54.932326
03edb788d3e38c7a,https://www.myjobmag.co.ke/job/48497/senior-administrative-assistant-tom-mboya-college,Senior Administrative Assistant,posted|wp_id=42948|https://kenya.mimusjobs.com/job/senior-administrative-assistant/,2026-09-16T16:18:05.959416
5efe2d85be364acc,https://www.myjobmag.co.ke/job/48498/senior-secretary-tom-mboya-college,Senior Secretary,posted|wp_id=42950|https://kenya.mimusjobs.com/job/senior-secretary/,2026-09-16T16:18:15.380816
8a6bb98e41921234,https://www.myjobmag.co.ke/job/48499/assistant-procurement-officer-tom-mboya-college,Assistant Procurement Officer,posted|wp_id=42952|https://kenya.mimusjobs.com/job/assistant-procurement-officer/,2026-09-16T16:18:23.486434
3e45267b09ade271,https://www.myjobmag.co.ke/job/48500/laboratory-technician-tom-mboya-college,Laboratory Technician - 2 positions,posted|wp_id=42955|https://kenya.mimusjobs.com/job/laboratory-technician-2-positions/,2026-09-16T16:18:32.952951
29fe7412b6731ff1,https://www.myjobmag.co.ke/job/48501/assistant-computer-technologist-tom-mboya-college,Assistant Computer Technologist,posted|wp_id=42957|https://kenya.mimusjobs.com/job/assistant-computer-technologist/,2026-09-16T16:18:40.840896
f2fefe9080c75074,https://www.myjobmag.co.ke/job/48502/transport-supervisor-tom-mboya-college,Transport Supervisor,posted|wp_id=42959|https://kenya.mimusjobs.com/job/transport-supervisor-2/,2026-09-16T16:18:48.919883
84bec1425ef215cd,https://www.myjobmag.co.ke/job/48495/sales-engineer-janta-kenya,Sales Engineer,posted|wp_id=37740|https://kenya.mimusjobs.com/job/sales-engineer/,2026-09-16T16:18:55.442102
e64c06bfe7f24627,https://www.myjobmag.co.ke/job/48494/finance-manager-summit-recruitment-and-search,Finance Manager,posted|wp_id=24359|https://kenya.mimusjobs.com/job/finance-manager/,2026-09-16T16:19:02.670091
bbc1b7db309fe7c8,https://www.myjobmag.co.ke/job/48493/real-estate-financial-manager-build-afrique,Real Estate Financial Manager,posted|wp_id=42963|https://kenya.mimusjobs.com/job/real-estate-financial-manager/,2026-09-16T16:19:14.054484
8029aaee99567ef6,https://www.myjobmag.co.ke/job/48492/junior-debt-collectors-flexi-personnel,Junior Debt Collectors,posted|wp_id=42965|https://kenya.mimusjobs.com/job/junior-debt-collectors/,2026-09-16T16:19:23.782395
6ca53ecd7d945cee,https://www.myjobmag.co.ke/job/48579/insurance-sales-icea-lion-group,Insurance Sales,posted|wp_id=42904|https://kenya.mimusjobs.com/job/insurance-sales/,2026-09-16T16:19:30.721007
d4b026cbeb63be47,https://www.myjobmag.co.ke/job/48578/communications-manager-world-vision-kenya,,skipped_incomplete,2026-09-16T16:19:32.306868
2542383b419c8579,https://www.myjobmag.co.ke/job/48576/examinations-officer-kca-university-kcau,Examinations Officer,posted|wp_id=42967|https://kenya.mimusjobs.com/job/examinations-officer/,2026-09-16T16:19:41.867298
12d464ff7d918cdd,https://www.myjobmag.co.ke/job/48577/assistant-registrar-kca-university-kcau,Assistant Registrar,posted|wp_id=42969|https://kenya.mimusjobs.com/job/assistant-registrar/,2026-09-16T16:19:51.086284
1d32468741c1c657,https://www.myjobmag.co.ke/job/48573/information-systems-auditor-kenya-tea-development-agency-ms-ltd,Information Systems Auditor,posted|wp_id=30702|https://kenya.mimusjobs.com/job/information-systems-auditor/,2026-09-16T16:19:57.983093
d72829dbee121788,https://www.myjobmag.co.ke/job/48574/clerk-of-works-kenya-tea-development-agency-ms-ltd,Clerk of Works,posted|wp_id=37393|https://kenya.mimusjobs.com/job/clerk-of-works/,2026-09-16T16:20:04.653948
f52f5323662158a6,https://www.myjobmag.co.ke/job/48575/architectural-assistant-kenya-tea-development-agency-ms-ltd,,skipped_incomplete,2026-09-16T16:20:04.654195
c5f358478900ccea,https://www.myjobmag.co.ke/job/48570/finance-amp-administration-manager-duma-works,Finance & Administration Manager,posted|wp_id=42971|https://kenya.mimusjobs.com/job/finance-administration-manager/,2026-09-16T16:20:18.173998
97b0450b708f9dc0,https://www.myjobmag.co.ke/job/48571/front-office-manager-duma-works,Front Office Manager,posted|wp_id=10083|https://kenya.mimusjobs.com/job/front-office-manager/,2026-09-16T16:20:22.939682
f74ac3c7140a97d8,https://www.myjobmag.co.ke/job/48572/business-development-duma-works,Business Development,posted|wp_id=42973|https://kenya.mimusjobs.com/job/business-development/,2026-09-16T16:20:31.541807
46ff2e53c40c0b18,https://www.myjobmag.co.ke/job/48568/head-fx-trading-standard-chartered-bank-kenya,Head FX Trading,posted|wp_id=42975|https://kenya.mimusjobs.com/job/head-fx-trading/,2026-09-16T16:20:42.676436
76a33989fac2247e,https://www.myjobmag.co.ke/job/48569/manager-credit-initiation-standard-chartered-bank-kenya,"Manager, Credit Initiation",posted|wp_id=42978|https://kenya.mimusjobs.com/job/manager-credit-initiation/,2026-09-16T16:20:54.349741
90986c621b8fd387,https://www.myjobmag.co.ke/job/48566/crm-campaign-manager,CRM Campaign Manager,posted|wp_id=42979|https://kenya.mimusjobs.com/job/crm-campaign-manager/,2026-09-16T16:21:04.673114
9e0c823805477bdf,https://www.myjobmag.co.ke/job/48567/sales-executive,Sales Executive,posted|wp_id=10367|https://kenya.mimusjobs.com/job/sales-executive/,2026-09-16T16:21:09.964488
f49888fdbd086a72,https://www.myjobmag.co.ke/job/48564/research-economist-commercial-bank-of-africa-ltd-cba,Research Economist,posted|wp_id=42981|https://kenya.mimusjobs.com/job/research-economist/,2026-09-16T16:21:22.394975
2181a0f9a52a8e17,https://www.myjobmag.co.ke/job/48565/manager-business-continuity-management-bcm-commercial-bank-of-africa-ltd-cba,"Manager, Business Continuity Management (BCM)",posted|wp_id=42983|https://kenya.mimusjobs.com/job/manager-business-continuity-management-bcm/,2026-09-16T16:21:30.363570
5338a15746ec5778,https://www.myjobmag.co.ke/job/48563/interns,Interns,posted|wp_id=31352|https://kenya.mimusjobs.com/job/interns/,2026-09-16T16:21:36.383785
56bce2398e12f3e1,https://www.myjobmag.co.ke/job/48562/sales-technician-duma-works,Sales Technician,posted|wp_id=42985|https://kenya.mimusjobs.com/job/sales-technician/,2026-09-16T16:21:46.246496
1387405d18c22283,https://www.myjobmag.co.ke/job/48561/marketing-manager-sportpesa,Marketing Manager,posted|wp_id=19658|https://kenya.mimusjobs.com/job/marketing-manager/,2026-09-16T16:21:55.910843
3c16ba448d8bae95,https://www.myjobmag.co.ke/job/48560/communications-manager,Communications Manager,posted|wp_id=42989|https://kenya.mimusjobs.com/job/communications-manager-4/,2026-09-16T16:22:05.737220
f71f9a0d114f6e54,https://www.myjobmag.co.ke/job/48555/clinical-officer-the-international-centre-for-reproductive-health,Clinical Officer - 3 positions,posted|wp_id=42991|https://kenya.mimusjobs.com/job/clinical-officer-3-positions/,2026-09-16T16:22:16.464338
eb10990e0bdc7f6a,https://www.myjobmag.co.ke/job/48556/clinical-counselor-the-international-centre-for-reproductive-health,Clinical Counselor - 3 positions,posted|wp_id=42993|https://kenya.mimusjobs.com/job/clinical-counselor-3-positions/,2026-09-16T16:22:24.133788
382a9c1edcca0c9f,https://www.myjobmag.co.ke/job/48557/admin-assistant-the-international-centre-for-reproductive-health,Admin Assistant - 3 positions,posted|wp_id=42995|https://kenya.mimusjobs.com/job/admin-assistant-3-positions/,2026-09-16T16:22:31.695742
b32320ed7c74ac53,https://www.myjobmag.co.ke/job/48558/community-mobilizer-the-international-centre-for-reproductive-health,Community Mobilizer - 9 positions,posted|wp_id=42997|https://kenya.mimusjobs.com/job/community-mobilizer-9-positions/,2026-09-16T16:22:40.527531
4c13b15ac33f923a,https://www.myjobmag.co.ke/job/48559/key-population-officers-the-international-centre-for-reproductive-health,Key Population Officers - 3 positions,posted|wp_id=42999|https://kenya.mimusjobs.com/job/key-population-officers-3-positions/,2026-09-16T16:22:49.383507
abfb6174466b8c74,https://www.myjobmag.co.ke/job/48546/counsel-uber,Counsel,posted|wp_id=43001|https://kenya.mimusjobs.com/job/counsel/,2026-09-16T16:22:59.861772
1c8c39b6a34b49f4,https://www.myjobmag.co.ke/job/48544/deputy-director-of-medical-services-mombasa-county-public-service-board,Deputy Director Of Medical Services - 3 positions,posted|wp_id=43003|https://kenya.mimusjobs.com/job/deputy-director-of-medical-services-3-positions/,2026-09-16T16:23:09.670087
9b2af32e991c2507,https://www.myjobmag.co.ke/job/48543/country-director-job,Country Director Job,posted|wp_id=43004|https://kenya.mimusjobs.com/job/country-director-job/,2026-09-16T16:23:17.454371
8fc2c0108b27775f,https://www.myjobmag.co.ke/job/48542/land-sales-rep-wisen-hr-services,Land Sales Rep,posted|wp_id=43005|https://kenya.mimusjobs.com/job/land-sales-rep/,2026-09-16T16:23:26.608542
3b3b18eb4f26e553,https://www.myjobmag.co.ke/job/48541/financial-advisory-analyst-one-acre-fund,Financial Advisory Analyst,posted|wp_id=43007|https://kenya.mimusjobs.com/job/financial-advisory-analyst/,2026-09-16T16:23:36.618704
d9793edc32b31f40,https://www.myjobmag.co.ke/job/48540/senior-advisor-communications-ipas-africa,Senior Advisor Communications,posted|wp_id=43011|https://kenya.mimusjobs.com/job/senior-advisor-communications/,2026-09-16T16:23:50.626719
864b36533ba84307,https://www.myjobmag.co.ke/job/48539/senior-technical-product-manager-verifone-mobile-money,Senior Technical Product Manager,posted|wp_id=43015|https://kenya.mimusjobs.com/job/senior-technical-product-manager/,2026-09-16T16:24:04.221818
599db9fe0d1bcd6a,https://www.myjobmag.co.ke/job/48537/consultancy-un-women,Consultancy,posted|wp_id=21938|https://kenya.mimusjobs.com/job/consultancy/,2026-09-16T16:24:11.268082
aeaba36ac9f3e1ee,https://www.myjobmag.co.ke/job/48538/admin-associate-un-women,Admin Associate,posted|wp_id=43016|https://kenya.mimusjobs.com/job/admin-associate/,2026-09-16T16:24:19.069263
3f1869b229f24818,https://www.myjobmag.co.ke/job/48536/associate-brand-manager-procter-gamble,Associate Brand Manager,posted|wp_id=43020|https://kenya.mimusjobs.com/job/associate-brand-manager/,2026-09-16T16:24:32.077813
d3f3946ed8fe407d,https://www.myjobmag.co.ke/job/48535/ict-officer-fountain-holdings,ICT Officer,posted|wp_id=30997|https://kenya.mimusjobs.com/job/ict-officer/,2026-09-16T16:24:41.649696
0db7d1cbf59f926f,https://www.myjobmag.co.ke/job/48534/credit-control-officer-g4s,Credit Control Officer,posted|wp_id=7289|https://kenya.mimusjobs.com/job/credit-control-officer/,2026-09-16T16:24:50.134637
0b1f79b93d07806d,https://www.myjobmag.co.ke/job/48533/accounts-assistant-internship-top-image-africa,Accounts Assistant Internship,posted|wp_id=43028|https://kenya.mimusjobs.com/job/accounts-assistant-internship/,2026-09-16T16:25:05.005206
3ae224a699c98d15,https://www.myjobmag.co.ke/job/48617/managing-director-interhealth-worldwide,Managing Director,posted|wp_id=39116|https://kenya.mimusjobs.com/job/managing-director/,2026-09-16T16:25:17.174608
03be761157df053e,https://www.myjobmag.co.ke/job/48616/database-developer-programmer-international-organization-for-migration-iom,Database Developer / Programmer,posted|wp_id=43034|https://kenya.mimusjobs.com/job/database-developer-programmer/,2026-09-16T16:25:29.810895
a206c4993ec624a3,https://www.myjobmag.co.ke/job/48615/compliance-manager-christian-blind-mission-cbm,Compliance Manager,posted|wp_id=43035|https://kenya.mimusjobs.com/job/compliance-manager/,2026-09-16T16:25:39.705147
9d0b12a4114d282d,https://www.myjobmag.co.ke/job/48613/registrar-meru-university-of-science-and-technology,Registrar,posted|wp_id=43037|https://kenya.mimusjobs.com/job/registrar/,2026-09-16T16:25:49.290829
eeced58598f20584,https://www.myjobmag.co.ke/job/48614/administrative-assistant-meru-university-of-science-and-technology,Administrative Assistant - 2 positions,posted|wp_id=43039|https://kenya.mimusjobs.com/job/administrative-assistant-2-positions/,2026-09-16T16:25:56.974002
fdf23a0907b7b098,https://www.myjobmag.co.ke/job/48609/receiving-clerk-safepack-group,Receiving Clerk,posted|wp_id=43043|https://kenya.mimusjobs.com/job/receiving-clerk/,2026-09-16T16:26:09.611221
c31a4ab442cf7763,https://www.myjobmag.co.ke/job/48610/systems-co-ordinator-safepack-group,Systems Co-ordinator,posted|wp_id=43045|https://kenya.mimusjobs.com/job/systems-co-ordinator/,2026-09-16T16:26:17.172810
4e0ed6c18b86353a,https://www.myjobmag.co.ke/job/48611/dispatch-clerk-safepack-group,Dispatch Clerk,posted|wp_id=43047|https://kenya.mimusjobs.com/job/dispatch-clerk/,2026-09-16T16:26:25.093884
852a3b5cb9fe8007,https://www.myjobmag.co.ke/job/48612/assistant-factory-officer-safepack-group,Assistant Factory Officer,posted|wp_id=43049|https://kenya.mimusjobs.com/job/assistant-factory-officer/,2026-09-16T16:26:33.033735
384d42da56d75dfa,https://www.myjobmag.co.ke/job/48606/connectivity-specialist-zana-africa,Connectivity Specialist,posted|wp_id=43053|https://kenya.mimusjobs.com/job/connectivity-specialist/,2026-09-16T16:26:45.477022
7514fc103472787a,https://www.myjobmag.co.ke/job/48607/production-manager-nia-teen-magazine-zana-africa,Production Manager (Nia Teen Magazine),posted|wp_id=43055|https://kenya.mimusjobs.com/job/production-manager-nia-teen-magazine/,2026-09-16T16:26:54.073770
0905f6478f0a882e,https://www.myjobmag.co.ke/job/48608/creative-director-zana-africa,Creative Director,posted|wp_id=43057|https://kenya.mimusjobs.com/job/creative-director/,2026-09-16T16:27:03.011350
a08e34c23fdae286,https://www.myjobmag.co.ke/job/48605/human-resource-consultant-optim-systems-ltd,Human Resource Consultant,posted|wp_id=43059|https://kenya.mimusjobs.com/job/human-resource-consultant/,2026-09-16T16:27:17.103914
91745b144da118e3,https://www.myjobmag.co.ke/job/48604/optician-asterisk-kenya,Optician,posted|wp_id=43063|https://kenya.mimusjobs.com/job/optician/,2026-09-16T16:27:29.687487
7c3a8fbcc5ced7d0,https://www.myjobmag.co.ke/job/48603/sales-administrator-frank-management-consult-ltd,Sales Administrator,posted|wp_id=12533|https://kenya.mimusjobs.com/job/sales-administrator/,2026-09-16T16:27:37.172177
7b6722909fd75c7f,https://www.myjobmag.co.ke/job/48602/property-manager-lafayette-resources,Property Manager,posted|wp_id=24044|https://kenya.mimusjobs.com/job/property-manager/,2026-09-16T16:27:43.183754
7e85317a09e64f09,https://www.myjobmag.co.ke/job/48601/database-developer-programmer-international-organization-for-migration-iom,Database Developer / Programmer,posted|wp_id=43034|https://kenya.mimusjobs.com/job/database-developer-programmer/,2026-09-16T16:27:49.418135
235caa71b86df93d,https://www.myjobmag.co.ke/job/48597/officer-cash-amp-operations-jamii-bora-bank,"Officer, Cash & Operations",posted|wp_id=43065|https://kenya.mimusjobs.com/job/officer-cash-operations/,2026-09-16T16:27:59.804133
c013c808a78474a6,https://www.myjobmag.co.ke/job/48598/information-security-officer-jamii-bora-bank,Information Security Officer,posted|wp_id=43067|https://kenya.mimusjobs.com/job/information-security-officer/,2026-09-16T16:28:09.367768
bc7409cd3319798b,https://www.myjobmag.co.ke/job/48599/head-of-credit-jamii-bora-bank,Head of Credit,posted|wp_id=43069|https://kenya.mimusjobs.com/job/head-of-credit/,2026-09-16T16:28:17.930192
bb33ab05b73e6fae,https://www.myjobmag.co.ke/job/48600/senior-relationship-officer-jamii-bora-bank,Senior Relationship Officer,posted|wp_id=43071|https://kenya.mimusjobs.com/job/senior-relationship-officer/,2026-09-16T16:28:25.480289
52a3f89e536dd0be,https://www.myjobmag.co.ke/job/48596/field-agronomists,Field Agronomists,posted|wp_id=43072|https://kenya.mimusjobs.com/job/field-agronomists/,2026-09-16T16:28:33.327878
f49ff6dc8637b3e6,https://www.myjobmag.co.ke/job/48595/gender-based-violence-project-officer-international-institute-of-rural-reconstruction,Gender Based Violence Project Officer,posted|wp_id=43076|https://kenya.mimusjobs.com/job/gender-based-violence-project-officer/,2026-09-16T16:28:44.665393
6a26d12f1004abd8,https://www.myjobmag.co.ke/job/48594/community-social-worker,Community Social Worker - 3 positions,posted|wp_id=43077|https://kenya.mimusjobs.com/job/community-social-worker-3-positions/,2026-09-16T16:28:53.178918
edccaab1426420ad,https://www.myjobmag.co.ke/job/48593/chief-executive-officer-seven-2-seven,Chief Executive Officer,posted|wp_id=20160|https://kenya.mimusjobs.com/job/chief-executive-officer/,2026-09-16T16:29:03.047247
600f73eb394b8604,https://www.myjobmag.co.ke/job/48591/driver-security-group-africa,Driver,posted|wp_id=7167|https://kenya.mimusjobs.com/job/driver/,2026-09-16T16:29:13.636919
200d39fd9a764ccf,https://www.myjobmag.co.ke/job/48592/investigations-officer-security-group-africa,Investigations Officer,posted|wp_id=43083|https://kenya.mimusjobs.com/job/investigations-officer/,2026-09-16T16:29:21.236824
5f8064c727fa73aa,https://www.myjobmag.co.ke/job/48590/security-manager-aga-khan-education-service-kenya-akesk,Security Manager,posted|wp_id=35064|https://kenya.mimusjobs.com/job/security-manager/,2026-09-16T16:29:27.071445
e97573f8b8a5a302,https://www.myjobmag.co.ke/job/48588/business-development-manager-altima-africa,Business Development Manager,posted|wp_id=8688|https://kenya.mimusjobs.com/job/business-development-manager/,2026-09-16T16:29:35.235563
2efa1320181f0643,https://www.myjobmag.co.ke/job/48589/financial-controller-sub-sahara-countries-altima-africa,Financial Controller - Sub Sahara Countries,posted|wp_id=43087|https://kenya.mimusjobs.com/job/financial-controller-sub-sahara-countries/,2026-09-16T16:29:43.130986
d1285a83f9dc8003,https://www.myjobmag.co.ke/job/48587/innovations-manager-kcb-bank-kenya,Innovations Manager,posted|wp_id=43089|https://kenya.mimusjobs.com/job/innovations-manager/,2026-09-16T16:29:53.817414
166fb96fdc243994,https://www.myjobmag.co.ke/job/48585/hr-clerk-hrbp-solutions,HR Clerk,posted|wp_id=43092|https://kenya.mimusjobs.com/job/hr-clerk/,2026-09-16T16:30:08.776165
c772439ccac14d9a,https://www.myjobmag.co.ke/job/48586/human-resource-assistant-hrbp-solutions,Human Resource Assistant,posted|wp_id=7767|https://kenya.mimusjobs.com/job/human-resource-assistant/,2026-09-16T16:30:16.537315
653637d058105a18,https://www.myjobmag.co.ke/job/48584/facilities-coordinator-one-acre-fund,Facilities Coordinator,posted|wp_id=31534|https://kenya.mimusjobs.com/job/facilities-coordinator/,2026-09-16T16:30:22.398651
e6b1936efef0afef,https://www.myjobmag.co.ke/job/48583/project-officer,Project Officer,posted|wp_id=43093|https://kenya.mimusjobs.com/job/project-officer/,2026-09-16T16:30:30.831329
a5dc9c46e9016fa1,https://www.myjobmag.co.ke/job/48581/project-outreach-associate-i-choose-life-africa-icl,Project Outreach Associate,posted|wp_id=43095|https://kenya.mimusjobs.com/job/project-outreach-associate/,2026-09-16T16:30:41.659881
475327d3af8280bf,https://www.myjobmag.co.ke/job/48582/admin-assistant-i-choose-life-africa-icl,Admin Assistant,posted|wp_id=25349|https://kenya.mimusjobs.com/job/admin-assistant/,2026-09-16T16:30:47.040244
af709521b78ccfc4,https://www.myjobmag.co.ke/job/48580/sales-executive,Sales Executive,posted|wp_id=10367|https://kenya.mimusjobs.com/job/sales-executive/,2026-09-16T16:30:53.058842
f89c419a94b2d0e3,https://www.myjobmag.co.ke/job/48656/operations-manager-talent-solutions-management,Operations Manager,posted|wp_id=24549|https://kenya.mimusjobs.com/job/operations-manager/,2026-09-16T16:31:05.511979
bc3de4fb1525b9a8,https://www.myjobmag.co.ke/job/48655/inside-sales-manager-gorilla-corporation,Inside Sales Manager,posted|wp_id=43101|https://kenya.mimusjobs.com/job/inside-sales-manager/,2026-09-16T16:31:17.891857
fb47ebbb283026c9,https://www.myjobmag.co.ke/job/48654/people-analyst-one-acre-fund,People Analyst,posted|wp_id=43103|https://kenya.mimusjobs.com/job/people-analyst/,2026-09-16T16:31:27.159986
21e320407717c020,https://www.myjobmag.co.ke/job/48653/sales-representative-avery-dennison,Sales Representative,posted|wp_id=24142|https://kenya.mimusjobs.com/job/sales-representative/,2026-09-16T16:31:33.594627
9cea34eec6d6f80d,https://www.myjobmag.co.ke/job/48652/java-developer-front-end-web-developer-compulynx-ltd,Java Developer/Front-end Web Developer,posted|wp_id=43107|https://kenya.mimusjobs.com/job/java-developer-front-end-web-developer/,2026-09-16T16:31:47.799684
70e88d5165311e82,https://www.myjobmag.co.ke/job/48651/customer-service-agent,Customer Service Agent,posted|wp_id=43108|https://kenya.mimusjobs.com/job/customer-service-agent/,2026-09-16T16:31:56.804393
08a5d17b7e1659c3,https://www.myjobmag.co.ke/job/48650/co-operate-consultant,Co-operate Consultant,posted|wp_id=43109|https://kenya.mimusjobs.com/job/co-operate-consultant/,2026-09-16T16:32:06.952794
d49e313be7ce9577,https://www.myjobmag.co.ke/job/48649/production-manager-duma-works,Production Manager,posted|wp_id=15430|https://kenya.mimusjobs.com/job/production-manager/,2026-09-16T16:32:14.244585
5df29ef357771b55,https://www.myjobmag.co.ke/job/48648/executive-director-pkf-firms,Executive Director,posted|wp_id=30417|https://kenya.mimusjobs.com/job/executive-director/,2026-09-16T16:32:23.035236
569b9c8c5fac39f2,https://www.myjobmag.co.ke/job/48647/accounts-assistant-manpower-services,Accounts Assistant,posted|wp_id=7246|https://kenya.mimusjobs.com/job/accounts-assistant/,2026-09-16T16:32:29.314840
e1253c507881159e,https://www.myjobmag.co.ke/job/48646/vehicle-auto-electrical-technicians-jobsikaz,Vehicle (Auto) Electrical Technicians,posted|wp_id=43113|https://kenya.mimusjobs.com/job/vehicle-auto-electrical-technicians/,2026-09-16T16:32:38.949810
2e81a76a2050a2ad,https://www.myjobmag.co.ke/job/48645/country-director-goal-kenya,Country Director,posted|wp_id=43117|https://kenya.mimusjobs.com/job/country-director/,2026-09-16T16:32:51.392081
74e5ebca578225c8,https://www.myjobmag.co.ke/job/48642/front-office-administrator-atom-tdf,Front Office Administrator,posted|wp_id=43121|https://kenya.mimusjobs.com/job/front-office-administrator/,2026-09-16T16:33:04.555308
465f5819431b5a2c,https://www.myjobmag.co.ke/job/48643/finance-amp-operations-manager-atom-tdf,Finance & Operations Manager,posted|wp_id=24355|https://kenya.mimusjobs.com/job/finance-operations-manager/,2026-09-16T16:33:09.885796
fac572e5e70db7b9,https://www.myjobmag.co.ke/job/48644/accountant-atom-tdf,Accountant,posted|wp_id=7107|https://kenya.mimusjobs.com/job/accountant/,2026-09-16T16:33:15.435225
fd787c02c7c59814,https://www.myjobmag.co.ke/job/48638/human-resource-officer-i-jg-k-rsquo-taita-taveta-county-public-service-board,Human Resource Officer I - JG 'K’ - 3 positions,posted|wp_id=43125|https://kenya.mimusjobs.com/job/human-resource-officer-i-jg-k-3-positions/,2026-09-16T16:33:27.264413
51183d8d858f0eb4,https://www.myjobmag.co.ke/job/48637/money-laundering-reporting-officer-barclays-bank,Money Laundering Reporting Officer,posted|wp_id=43129|https://kenya.mimusjobs.com/job/money-laundering-reporting-officer/,2026-09-16T16:33:39.596990
a8ca9201e7d31a62,https://www.myjobmag.co.ke/job/48635/residential-site-caretaker-covenant-executives,Residential Site Caretaker,posted|wp_id=43131|https://kenya.mimusjobs.com/job/residential-site-caretaker/,2026-09-16T16:33:51.230270
bffd45b1962d1ab2,https://www.myjobmag.co.ke/job/48636/commercial-site-caretaker-covenant-executives,Commercial Site Caretaker,posted|wp_id=43133|https://kenya.mimusjobs.com/job/commercial-site-caretaker/,2026-09-16T16:33:59.965041
86f0c6f66d1cbea5,https://www.myjobmag.co.ke/job/48632/talent-manager-commercial-bank-of-africa-ltd-cba,Talent Manager,posted|wp_id=43135|https://kenya.mimusjobs.com/job/talent-manager/,2026-09-16T16:34:10.825267
a56e296e51986426,https://www.myjobmag.co.ke/job/48633/fx-amp-money-markets-dealer-commercial-bank-of-africa-ltd-cba,FX & Money Markets Dealer,posted|wp_id=43137|https://kenya.mimusjobs.com/job/fx-money-markets-dealer/,2026-09-16T16:34:18.493428
5a00fdd0cee34ff5,https://www.myjobmag.co.ke/job/48634/employee-relations-manager-commercial-bank-of-africa-ltd-cba,Employee Relations Manager,posted|wp_id=27607|https://kenya.mimusjobs.com/job/employee-relations-manager/,2026-09-16T16:34:23.282415
89661128a59070dd,https://www.myjobmag.co.ke/job/48631/insurance-sales-resolution-insurance,Insurance Sales,posted|wp_id=42904|https://kenya.mimusjobs.com/job/insurance-sales/,2026-09-16T16:34:31.136135
9fdeba728fed3a24,https://www.myjobmag.co.ke/job/48626/fraud-investigations-senior-manager-safaricom-kenya,Fraud Investigations Senior Manager,posted|wp_id=43141|https://kenya.mimusjobs.com/job/fraud-investigations-senior-manager/,2026-09-16T16:34:41.156422
ee08595f3e601a3e,https://www.myjobmag.co.ke/job/48627/enterprise-segments-manager-safaricom-kenya,Enterprise Segments Manager,posted|wp_id=43143|https://kenya.mimusjobs.com/job/enterprise-segments-manager/,2026-09-16T16:34:48.566504
e0a8eccf66766b31,https://www.myjobmag.co.ke/job/48628/account-relationship-manager-safaricom-kenya,Account Relationship Manager,posted|wp_id=43145|https://kenya.mimusjobs.com/job/account-relationship-manager/,2026-09-16T16:34:55.939136
ab6451878a453c71,https://www.myjobmag.co.ke/job/48629/marketing-discerning-professionals-safaricom-kenya,Marketing Discerning Professionals,posted|wp_id=43147|https://kenya.mimusjobs.com/job/marketing-discerning-professionals/,2026-09-16T16:35:04.951190
dd1efbd721c122d8,https://www.myjobmag.co.ke/job/48630/principal-ip-planning-engineer-safaricom-kenya,Principal IP Planning Engineer,posted|wp_id=43149|https://kenya.mimusjobs.com/job/principal-ip-planning-engineer/,2026-09-16T16:35:13.954816
89485bd0ee587d6d,https://www.myjobmag.co.ke/job/48625/security-risk-and-resilience-manager-british-american-tobacco-bat,Security Risk and Resilience Manager,posted|wp_id=43151|https://kenya.mimusjobs.com/job/security-risk-and-resilience-manager/,2026-09-16T16:35:23.694440
8065138313f40d1e,https://www.myjobmag.co.ke/job/48624/logistics-business-support-assistant-world-food-programme-wfp,Logistics Business Support Assistant,posted|wp_id=43153|https://kenya.mimusjobs.com/job/logistics-business-support-assistant/,2026-09-16T16:35:32.554076
9fbd0da3b626bc9f,https://www.myjobmag.co.ke/job/48623/senior-business-lead-power-aecom,"Senior Business Lead, Power",posted|wp_id=43157|https://kenya.mimusjobs.com/job/senior-business-lead-power/,2026-09-16T16:35:43.779016
f8972e51f589a578,https://www.myjobmag.co.ke/job/48620/technical-health-systems-specialist-tetra-tech,Technical Health Systems Specialist,posted|wp_id=43161|https://kenya.mimusjobs.com/job/technical-health-systems-specialist/,2026-09-16T16:35:56.184715
9f088375e7d2e834,https://www.myjobmag.co.ke/job/48619/communication-internship-save-the-children,Communication Internship,posted|wp_id=43163|https://kenya.mimusjobs.com/job/communication-internship/,2026-09-16T16:36:07.447647
3043e70694648425,https://www.myjobmag.co.ke/job/48618/programme-funding-manager-sense-international,Programme Funding Manager,posted|wp_id=43167|https://kenya.mimusjobs.com/job/programme-funding-manager/,2026-09-16T16:36:20.636410
cb9f195b7e5906c1,https://www.myjobmag.co.ke/job/48695/finance-amp-operations-manager-care,Finance & Operations Manager,posted|wp_id=24355|https://kenya.mimusjobs.com/job/finance-operations-manager/,2026-09-16T16:36:27.181148
076bf2f005d94f95,https://www.myjobmag.co.ke/job/48694/market-research-analyst-fanisi-hr-solutions,Market Research Analyst,posted|wp_id=43169|https://kenya.mimusjobs.com/job/market-research-analyst/,2026-09-16T16:36:36.458091
af3e364643f3d5f5,https://www.myjobmag.co.ke/job/48693/human-resource-business-partner-virtual-hr,Human Resource Business Partner,posted|wp_id=41725|https://kenya.mimusjobs.com/job/human-resource-business-partner/,2026-09-16T16:36:44.583496
992c44b5f7622b8e,https://www.myjobmag.co.ke/job/48692/marketing-associate-virtual-hr,Marketing Associate,posted|wp_id=17911|https://kenya.mimusjobs.com/job/marketing-associate/,2026-09-16T16:36:51.223598
fdc8355275a79e55,https://www.myjobmag.co.ke/job/48690/chief-field-office-unicef,Chief Field Office,posted|wp_id=43173|https://kenya.mimusjobs.com/job/chief-field-office/,2026-09-16T16:37:00.118806
fb11bf417c0609f0,https://www.myjobmag.co.ke/job/48689/administration-officer-african-child-aid,Administration Officer,posted|wp_id=42715|https://kenya.mimusjobs.com/job/administration-officer/,2026-09-16T16:37:07.952398
10f90d249e70428c,https://www.myjobmag.co.ke/job/48688/project-assistant,Project Assistant,posted|wp_id=43176|https://kenya.mimusjobs.com/job/project-assistant/,2026-09-16T16:37:16.602269
f92ef81239911357,https://www.myjobmag.co.ke/job/48685/sales-development-representative-intern-duma-works,Sales Development Representative Intern,posted|wp_id=14767|https://kenya.mimusjobs.com/job/sales-development-representative-intern/,2026-09-16T16:37:22.723822
3edce0d9e7bb5a8f,https://www.myjobmag.co.ke/job/48681/motor-rewinding-technician-hrbp-solutions,Motor Rewinding Technician,posted|wp_id=43178|https://kenya.mimusjobs.com/job/motor-rewinding-technician/,2026-09-16T16:37:32.705156
00b658c05923ac03,https://www.myjobmag.co.ke/job/48682/design-engineer-steel-structures-hrbp-solutions,Design Engineer - Steel structures,posted|wp_id=43180|https://kenya.mimusjobs.com/job/design-engineer-steel-structures/,2026-09-16T16:37:40.431346
092a0de6cffb182c,https://www.myjobmag.co.ke/job/48683/costing-amp-accounts-receivables-officer-hrbp-solutions,Costing & Accounts receivables Officer,posted|wp_id=43182|https://kenya.mimusjobs.com/job/costing-accounts-receivables-officer/,2026-09-16T16:37:49.661800
32a6bdc279d5f510,https://www.myjobmag.co.ke/job/48676/curriculum-advisors-volunteer-service-overseas-vso,Curriculum Advisors,posted|wp_id=43186|https://kenya.mimusjobs.com/job/curriculum-advisors/,2026-09-16T16:38:03.137460
cb129dfbdd252151,https://www.myjobmag.co.ke/job/48677/education-specialist-volunteer-service-overseas-vso,Education Specialist,posted|wp_id=43188|https://kenya.mimusjobs.com/job/education-specialist/,2026-09-16T16:38:12.496403
d94aef1081690b2e,https://www.myjobmag.co.ke/job/48678/school-management-advisors-volunteer-service-overseas-vso,School Management Advisors,posted|wp_id=43190|https://kenya.mimusjobs.com/job/school-management-advisors/,2026-09-16T16:38:21.660620
ea3ec8ee16798935,https://www.myjobmag.co.ke/job/48679/technical-vocational-training-advisor-specialist-volunteer-service-overseas-vso,Technical Vocational Training Advisor/ Specialist,posted|wp_id=43192|https://kenya.mimusjobs.com/job/technical-vocational-training-advisor-specialist/,2026-09-16T16:38:29.068446
1aa97e82fcbe4af6,https://www.myjobmag.co.ke/job/48680/welding-amp-fabrication-advisor-volunteer-service-overseas-vso,Welding & Fabrication Advisor,posted|wp_id=43194|https://kenya.mimusjobs.com/job/welding-fabrication-advisor/,2026-09-16T16:38:37.494224
7dac4213c56f4f62,https://www.myjobmag.co.ke/job/48674/van-sales-representatives-hasbah-kenya-limited,Van Sales Representatives,posted|wp_id=43196|https://kenya.mimusjobs.com/job/van-sales-representatives/,2026-09-16T16:38:47.690428
18eb1b4858525c6c,https://www.myjobmag.co.ke/job/48675/key-account-handler-kah-hasbah-kenya-limited,Key Account Handler (KAH),posted|wp_id=43197|https://kenya.mimusjobs.com/job/key-account-handler-kah/,2026-09-16T16:38:55.043484
